meter_id,timestamp,current_consumption_kw,daily_import_kwh,daily_export_kwh,voltage_rms_v,power_factor,grid_connection_status
10000,2025-09-12T00:00:00,1.71,1.71,0.0,229.5,0.98,Connected
10001,2025-09-12T00:00:00,1.74,1.74,0.0,232.2,0.95,Connected
10002,2025-09-12T00:00:00,1.63,1.63,0.0,226.5,0.98,Connected
10003,2025-09-12T00:00:00,1.86,1.86,0.0,232.7,0.98,Connected
10004,2025-09-12T00:00:00,1.52,1.52,0.0,234.3,0.93,Connected
10005,2025-09-12T00:00:00,1.83,1.83,0.0,229.2,0.93,Connected
10006,2025-09-12T00:00:00,1.44,1.44,0.0,230.6,0.87,Connected
10007,2025-09-12T00:00:00,1.72,1.72,0.0,230.0,0.87,Connected
10008,2025-09-12T00:00:00,1.87,1.87,0.0,224.5,0.94,Connected
10009,2025-09-12T00:00:00,1.49,1.49,0.0,232.3,0.92,Connected
10010,2025-09-12T00:00:00,1.74,1.74,0.0,230.8,0.93,Connected
10011,2025-09-12T00:00:00,1.69,1.69,0.0,233.7,0.94,Connected
20012,2025-09-12T00:00:00,0.38,0.38,0.0,228.7,0.86,Connected
20013,2025-09-12T00:00:00,0.4,0.4,0.0,228.0,0.99,Connected
20014,2025-09-12T00:00:00,0.37,0.37,0.0,228.2,0.97,Connected
20015,2025-09-12T00:00:00,0.45,0.45,0.0,227.9,0.86,Connected
20016,2025-09-12T00:00:00,0.46,0.46,0.0,231.5,0.85,Connected
20017,2025-09-12T00:00:00,0.41,0.41,0.0,231.8,0.99,Connected
20018,2025-09-12T00:00:00,0.39,0.39,0.0,231.1,0.95,Connected
20019,2025-09-12T00:00:00,0.47,0.47,0.0,228.0,0.86,Connected
20020,2025-09-12T00:00:00,0.4,0.4,0.0,231.2,0.96,Connected
20021,2025-09-12T00:00:00,0.42,0.42,0.0,227.6,1.0,Connected
20022,2025-09-12T00:00:00,0.39,0.39,0.0,234.6,0.86,Connected
20023,2025-09-12T00:00:00,0.39,0.39,0.0,227.4,0.89,Connected
20024,2025-09-12T00:00:00,0.44,0.44,0.0,235.2,0.94,Connected
20025,2025-09-12T00:00:00,0.45,0.45,0.0,229.3,0.92,Connected
20026,2025-09-12T00:00:00,0.42,0.42,0.0,226.8,0.86,Connected
20027,2025-09-12T00:00:00,0.48,0.48,0.0,232.9,0.91,Connected
20028,2025-09-12T00:00:00,0.37,0.37,0.0,223.5,0.88,Connected
30029,2025-09-12T00:00:00,0.84,0.84,0.0,225.7,0.96,Connected
30030,2025-09-12T00:00:00,0.77,0.77,0.0,232.1,0.86,Connected
30031,2025-09-12T00:00:00,0.72,0.72,0.0,235.2,0.88,Connected
30032,2025-09-12T00:00:00,0.92,0.92,0.0,225.8,0.96,Connected
30033,2025-09-12T00:00:00,0.72,0.72,0.0,226.0,0.97,Connected
30034,2025-09-12T00:00:00,0.75,0.75,0.0,230.8,0.98,Connected
30035,2025-09-12T00:00:00,0.73,0.73,0.0,230.2,0.86,Connected
30036,2025-09-12T00:00:00,0.86,0.86,0.0,230.8,0.87,Connected
30037,2025-09-12T00:00:00,0.76,0.76,0.0,229.5,0.87,Connected
30038,2025-09-12T00:00:00,0.87,0.87,0.0,231.0,0.93,Connected
30039,2025-09-12T00:00:00,0.75,0.75,0.0,231.9,0.94,Connected
30040,2025-09-12T00:00:00,0.81,0.81,0.0,229.0,0.94,Connected
30041,2025-09-12T00:00:00,0.79,0.79,0.0,230.2,0.85,Connected
30042,2025-09-12T00:00:00,0.86,0.86,0.0,226.6,0.99,Connected
40043,2025-09-12T00:00:00,0.4,0.4,0.0,232.7,0.96,Connected
40044,2025-09-12T00:00:00,0.44,0.44,0.0,230.8,0.89,Connected
40045,2025-09-12T00:00:00,0.45,0.45,0.0,229.4,0.97,Connected
40046,2025-09-12T00:00:00,0.47,0.47,0.0,231.4,0.98,Connected
40047,2025-09-12T00:00:00,0.37,0.37,0.0,233.2,1.0,Connected
40048,2025-09-12T00:00:00,0.46,0.46,0.0,226.9,0.99,Connected
40049,2025-09-12T00:00:00,0.43,0.43,0.0,233.6,0.98,Connected
40050,2025-09-12T00:00:00,0.46,0.46,0.0,225.0,0.87,Connected
40051,2025-09-12T00:00:00,0.43,0.43,0.0,222.6,0.87,Connected
40052,2025-09-12T00:00:00,0.36,0.36,0.0,228.0,0.9,Connected
40053,2025-09-12T00:00:00,0.38,0.38,0.0,227.9,0.92,Connected
40054,2025-09-12T00:00:00,0.48,0.48,0.0,229.7,0.95,Connected
40055,2025-09-12T00:00:00,0.46,0.46,0.0,233.3,0.88,Connected
40056,2025-09-12T00:00:00,0.4,0.4,0.0,230.2,0.85,Connected
40057,2025-09-12T00:00:00,0.39,0.39,0.0,230.0,1.0,Connected
40058,2025-09-12T00:00:00,0.36,0.36,0.0,229.5,0.92,Connected
40059,2025-09-12T00:00:00,0.46,0.46,0.0,227.5,0.99,Connected
10000,2025-09-12T01:00:00,1.35,3.06,0.0,227.6,0.96,Connected
10001,2025-09-12T01:00:00,1.5,3.25,0.0,231.8,0.87,Connected
10002,2025-09-12T01:00:00,1.62,3.25,0.0,231.4,0.87,Connected
10003,2025-09-12T01:00:00,1.39,3.24,0.0,234.6,0.88,Connected
10004,2025-09-12T01:00:00,1.46,2.98,0.0,225.8,0.86,Connected
10005,2025-09-12T01:00:00,1.23,3.06,0.0,221.8,0.92,Connected
10006,2025-09-12T01:00:00,1.5,2.94,0.0,223.4,0.91,Connected
10007,2025-09-12T01:00:00,1.49,3.2,0.0,228.0,0.85,Connected
10008,2025-09-12T01:00:00,1.22,3.09,0.0,230.7,0.93,Connected
10009,2025-09-12T01:00:00,1.47,2.96,0.0,231.1,0.97,Connected
10010,2025-09-12T01:00:00,1.26,3.0,0.0,227.3,0.98,Connected
10011,2025-09-12T01:00:00,1.46,3.15,0.0,225.0,0.98,Connected
20012,2025-09-12T01:00:00,0.41,0.8,0.0,228.6,0.94,Connected
20013,2025-09-12T01:00:00,0.31,0.71,0.0,235.9,0.92,Connected
20014,2025-09-12T01:00:00,0.37,0.74,0.0,225.8,0.86,Connected
20015,2025-09-12T01:00:00,0.37,0.82,0.0,229.8,0.95,Connected
20016,2025-09-12T01:00:00,0.39,0.85,0.0,229.0,0.93,Connected
20017,2025-09-12T01:00:00,0.35,0.76,0.0,233.7,0.99,Connected
20018,2025-09-12T01:00:00,0.35,0.74,0.0,226.7,1.0,Connected
20019,2025-09-12T01:00:00,0.35,0.82,0.0,230.4,0.86,Connected
20020,2025-09-12T01:00:00,0.32,0.73,0.0,232.2,0.94,Connected
20021,2025-09-12T01:00:00,0.35,0.77,0.0,233.0,0.89,Connected
20022,2025-09-12T01:00:00,0.4,0.79,0.0,230.1,0.98,Connected
20023,2025-09-12T01:00:00,0.32,0.71,0.0,230.5,0.87,Connected
20024,2025-09-12T01:00:00,0.39,0.83,0.0,234.8,0.88,Connected
20025,2025-09-12T01:00:00,0.37,0.82,0.0,232.1,0.86,Connected
20026,2025-09-12T01:00:00,0.34,0.76,0.0,233.8,0.87,Connected
20027,2025-09-12T01:00:00,0.38,0.86,0.0,234.8,0.92,Connected
20028,2025-09-12T01:00:00,0.39,0.77,0.0,230.3,0.94,Connected
30029,2025-09-12T01:00:00,0.68,1.51,0.0,231.0,0.99,Connected
30030,2025-09-12T01:00:00,0.75,1.52,0.0,237.1,0.99,Connected
30031,2025-09-12T01:00:00,0.68,1.4,0.0,233.5,0.96,Connected
30032,2025-09-12T01:00:00,0.79,1.71,0.0,234.0,0.87,Connected
30033,2025-09-12T01:00:00,0.82,1.54,0.0,231.0,0.98,Connected
30034,2025-09-12T01:00:00,0.73,1.48,0.0,229.1,0.96,Connected
30035,2025-09-12T01:00:00,0.69,1.42,0.0,231.9,0.91,Connected
30036,2025-09-12T01:00:00,0.77,1.63,0.0,228.3,0.86,Connected
30037,2025-09-12T01:00:00,0.79,1.55,0.0,230.4,0.92,Connected
30038,2025-09-12T01:00:00,0.69,1.56,0.0,228.5,1.0,Connected
30039,2025-09-12T01:00:00,0.64,1.39,0.0,231.6,0.96,Connected
30040,2025-09-12T01:00:00,0.75,1.55,0.0,230.6,0.98,Connected
30041,2025-09-12T01:00:00,0.7,1.5,0.0,225.2,0.95,Connected
30042,2025-09-12T01:00:00,0.7,1.56,0.0,226.6,0.9,Connected
40043,2025-09-12T01:00:00,0.4,0.8,0.0,233.8,0.97,Connected
40044,2025-09-12T01:00:00,0.4,0.84,0.0,226.2,0.89,Connected
40045,2025-09-12T01:00:00,0.32,0.77,0.0,233.3,0.97,Connected
40046,2025-09-12T01:00:00,0.34,0.81,0.0,228.7,0.87,Connected
40047,2025-09-12T01:00:00,0.4,0.77,0.0,231.2,0.86,Connected
40048,2025-09-12T01:00:00,0.39,0.85,0.0,231.1,0.9,Connected
40049,2025-09-12T01:00:00,0.33,0.76,0.0,237.1,0.89,Connected
40050,2025-09-12T01:00:00,0.34,0.8,0.0,229.9,0.95,Connected
40051,2025-09-12T01:00:00,0.34,0.77,0.0,229.1,0.88,Connected
40052,2025-09-12T01:00:00,0.32,0.68,0.0,231.2,0.85,Connected
40053,2025-09-12T01:00:00,0.37,0.75,0.0,225.4,0.9,Connected
40054,2025-09-12T01:00:00,0.35,0.83,0.0,224.3,0.9,Connected
40055,2025-09-12T01:00:00,0.4,0.86,0.0,237.5,0.94,Connected
40056,2025-09-12T01:00:00,0.39,0.79,0.0,233.8,0.86,Connected
40057,2025-09-12T01:00:00,0.35,0.74,0.0,232.4,0.87,Connected
40058,2025-09-12T01:00:00,0.37,0.73,0.0,237.0,0.96,Connected
40059,2025-09-12T01:00:00,0.36,0.82,0.0,224.7,0.97,Connected
10000,2025-09-12T02:00:00,1.14,4.2,0.0,226.4,0.93,Connected
10001,2025-09-12T02:00:00,1.35,4.59,0.0,229.3,0.94,Connected
10002,2025-09-12T02:00:00,1.4,4.65,0.0,231.6,0.86,Connected
10003,2025-09-12T02:00:00,1.45,4.7,0.0,231.1,0.9,Connected
10004,2025-09-12T02:00:00,1.26,4.24,0.0,227.4,0.97,Connected
10005,2025-09-12T02:00:00,1.41,4.46,0.0,228.9,0.97,Disconnected
10006,2025-09-12T02:00:00,1.29,4.24,0.0,236.1,0.86,Connected
10007,2025-09-12T02:00:00,1.38,4.58,0.0,234.0,0.94,Connected
10008,2025-09-12T02:00:00,1.24,4.33,0.0,227.7,0.92,Connected
10009,2025-09-12T02:00:00,1.34,4.3,0.0,229.7,0.87,Connected
10010,2025-09-12T02:00:00,1.16,4.16,0.0,225.5,0.85,Connected
10011,2025-09-12T02:00:00,1.4,4.55,0.0,229.1,0.91,Connected
20012,2025-09-12T02:00:00,0.35,1.15,0.0,232.2,0.96,Connected
20013,2025-09-12T02:00:00,0.37,1.07,0.0,229.7,0.88,Connected
20014,2025-09-12T02:00:00,0.29,1.03,0.0,230.9,0.99,Connected
20015,2025-09-12T02:00:00,0.29,1.11,0.0,237.5,0.9,Connected
20016,2025-09-12T02:00:00,0.34,1.19,0.0,228.9,0.92,Connected
20017,2025-09-12T02:00:00,0.32,1.08,0.0,224.1,0.91,Connected
20018,2025-09-12T02:00:00,0.34,1.08,0.0,229.3,0.94,Connected
20019,2025-09-12T02:00:00,0.28,1.1,0.0,227.0,0.91,Connected
20020,2025-09-12T02:00:00,0.28,1.0,0.0,233.2,0.99,Connected
20021,2025-09-12T02:00:00,0.28,1.05,0.0,231.8,0.9,Connected
20022,2025-09-12T02:00:00,0.3,1.1,0.0,233.0,0.98,Connected
20023,2025-09-12T02:00:00,0.29,1.0,0.0,233.5,0.87,Connected
20024,2025-09-12T02:00:00,0.35,1.18,0.0,230.7,0.97,Connected
20025,2025-09-12T02:00:00,0.29,1.11,0.0,235.6,0.9,Connected
20026,2025-09-12T02:00:00,0.35,1.11,0.0,228.7,0.9,Connected
20027,2025-09-12T02:00:00,0.35,1.21,0.0,233.6,0.89,Connected
20028,2025-09-12T02:00:00,0.36,1.13,0.0,222.9,0.99,Connected
30029,2025-09-12T02:00:00,0.74,2.26,0.0,224.8,0.88,Connected
30030,2025-09-12T02:00:00,0.57,2.1,0.0,228.8,0.98,Connected
30031,2025-09-12T02:00:00,0.59,1.99,0.0,233.6,0.98,Connected
30032,2025-09-12T02:00:00,0.65,2.36,0.0,232.7,0.89,Connected
30033,2025-09-12T02:00:00,0.73,2.27,0.0,230.9,0.94,Connected
30034,2025-09-12T02:00:00,0.56,2.05,0.0,230.2,0.9,Connected
30035,2025-09-12T02:00:00,0.56,1.98,0.0,235.7,0.86,Connected
30036,2025-09-12T02:00:00,0.65,2.29,0.0,226.3,0.89,Connected
30037,2025-09-12T02:00:00,0.68,2.23,0.0,232.7,0.9,Connected
30038,2025-09-12T02:00:00,0.62,2.19,0.0,229.9,0.89,Connected
30039,2025-09-12T02:00:00,0.57,1.96,0.0,231.1,0.85,Connected
30040,2025-09-12T02:00:00,0.55,2.11,0.0,232.4,0.92,Connected
30041,2025-09-12T02:00:00,0.55,2.05,0.0,227.7,0.87,Connected
30042,2025-09-12T02:00:00,0.66,2.22,0.0,226.8,0.96,Connected
40043,2025-09-12T02:00:00,0.35,1.15,0.0,230.1,0.98,Connected
40044,2025-09-12T02:00:00,0.34,1.19,0.0,228.2,0.93,Connected
40045,2025-09-12T02:00:00,0.33,1.09,0.0,226.5,0.97,Connected
40046,2025-09-12T02:00:00,0.28,1.09,0.0,230.1,0.94,Connected
40047,2025-09-12T02:00:00,0.28,1.05,0.0,225.2,0.92,Connected
40048,2025-09-12T02:00:00,0.37,1.22,0.0,232.3,0.87,Connected
40049,2025-09-12T02:00:00,0.32,1.08,0.0,233.9,0.96,Connected
40050,2025-09-12T02:00:00,0.36,1.16,0.0,232.5,0.96,Connected
40051,2025-09-12T02:00:00,0.35,1.12,0.0,230.1,0.89,Connected
40052,2025-09-12T02:00:00,0.34,1.02,0.0,229.9,0.99,Connected
40053,2025-09-12T02:00:00,0.28,1.03,0.0,228.8,0.92,Connected
40054,2025-09-12T02:00:00,0.28,1.12,0.0,236.1,0.87,Connected
40055,2025-09-12T02:00:00,0.3,1.16,0.0,224.6,0.95,Connected
40056,2025-09-12T02:00:00,0.31,1.1,0.0,226.7,0.92,Connected
40057,2025-09-12T02:00:00,0.37,1.11,0.0,232.1,0.99,Connected
40058,2025-09-12T02:00:00,0.35,1.09,0.0,230.4,0.92,Connected
40059,2025-09-12T02:00:00,0.33,1.15,0.0,232.6,0.9,Connected
10000,2025-09-12T03:00:00,1.06,5.26,0.0,231.5,0.88,Connected
10001,2025-09-12T03:00:00,1.24,5.83,0.0,230.2,0.86,Connected
10002,2025-09-12T03:00:00,1.04,5.69,0.0,231.7,0.89,Connected
10003,2025-09-12T03:00:00,1.28,5.98,0.0,222.7,1.0,Connected
10004,2025-09-12T03:00:00,1.12,5.36,0.0,229.9,0.93,Connected
10005,2025-09-12T03:00:00,1.13,5.6,0.0,224.0,0.95,Connected
10006,2025-09-12T03:00:00,1.17,5.41,0.0,235.6,0.88,Connected
10007,2025-09-12T03:00:00,1.28,5.86,0.0,237.4,0.99,Connected
10008,2025-09-12T03:00:00,1.24,5.57,0.0,233.8,0.94,Connected
10009,2025-09-12T03:00:00,1.2,5.5,0.0,224.7,0.98,Connected
10010,2025-09-12T03:00:00,0.97,5.13,0.0,235.3,0.92,Connected
10011,2025-09-12T03:00:00,1.29,5.84,0.0,232.1,0.92,Connected
20012,2025-09-12T03:00:00,0.3,1.45,0.0,228.8,0.95,Connected
20013,2025-09-12T03:00:00,0.32,1.39,0.0,226.9,0.96,Connected
20014,2025-09-12T03:00:00,0.28,1.31,0.0,231.1,0.95,Connected
20015,2025-09-12T03:00:00,0.25,1.36,0.0,233.7,0.85,Connected
20016,2025-09-12T03:00:00,0.26,1.45,0.0,230.4,0.91,Connected
20017,2025-09-12T03:00:00,0.32,1.4,0.0,232.5,0.95,Connected
20018,2025-09-12T03:00:00,0.32,1.4,0.0,225.6,0.94,Connected
20019,2025-09-12T03:00:00,0.27,1.37,0.0,226.4,0.86,Connected
20020,2025-09-12T03:00:00,0.25,1.25,0.0,226.8,0.95,Connected
20021,2025-09-12T03:00:00,0.31,1.36,0.0,223.0,0.99,Connected
20022,2025-09-12T03:00:00,0.33,1.42,0.0,229.4,0.94,Connected
20023,2025-09-12T03:00:00,0.32,1.31,0.0,230.2,0.94,Connected
20024,2025-09-12T03:00:00,0.24,1.42,0.0,232.4,1.0,Connected
20025,2025-09-12T03:00:00,0.32,1.43,0.0,225.7,0.97,Connected
20026,2025-09-12T03:00:00,0.28,1.39,0.0,232.8,0.85,Connected
20027,2025-09-12T03:00:00,0.27,1.48,0.0,227.9,1.0,Connected
20028,2025-09-12T03:00:00,0.27,1.4,0.0,229.4,0.9,Connected
30029,2025-09-12T03:00:00,0.51,2.76,0.0,228.5,0.94,Connected
30030,2025-09-12T03:00:00,0.62,2.72,0.0,224.9,0.88,Connected
30031,2025-09-12T03:00:00,0.52,2.51,0.0,238.1,0.85,Connected
30032,2025-09-12T03:00:00,0.64,2.99,0.0,229.0,0.93,Connected
30033,2025-09-12T03:00:00,0.58,2.85,0.0,233.9,0.86,Connected
30034,2025-09-12T03:00:00,0.53,2.58,0.0,232.4,0.96,Connected
30035,2025-09-12T03:00:00,0.63,2.61,0.0,224.5,0.96,Connected
30036,2025-09-12T03:00:00,0.51,2.79,0.0,229.9,1.0,Connected
30037,2025-09-12T03:00:00,0.51,2.74,0.0,223.3,0.94,Connected
30038,2025-09-12T03:00:00,0.59,2.77,0.0,236.1,0.93,Connected
30039,2025-09-12T03:00:00,0.65,2.61,0.0,236.9,0.91,Connected
30040,2025-09-12T03:00:00,0.6,2.71,0.0,229.9,0.9,Connected
30041,2025-09-12T03:00:00,0.54,2.59,0.0,232.5,0.95,Connected
30042,2025-09-12T03:00:00,0.65,2.87,0.0,236.1,0.89,Connected
40043,2025-09-12T03:00:00,0.25,1.4,0.0,224.9,0.94,Connected
40044,2025-09-12T03:00:00,0.25,1.44,0.0,231.7,0.96,Connected
40045,2025-09-12T03:00:00,0.24,1.33,0.0,229.4,0.97,Connected
40046,2025-09-12T03:00:00,0.32,1.41,0.0,231.7,0.92,Connected
40047,2025-09-12T03:00:00,0.3,1.35,0.0,226.3,0.86,Connected
40048,2025-09-12T03:00:00,0.32,1.54,0.0,229.2,0.96,Connected
40049,2025-09-12T03:00:00,0.27,1.35,0.0,228.4,0.97,Connected
40050,2025-09-12T03:00:00,0.28,1.44,0.0,227.2,0.89,Connected
40051,2025-09-12T03:00:00,0.27,1.39,0.0,229.5,0.97,Connected
40052,2025-09-12T03:00:00,0.26,1.28,0.0,239.0,0.96,Connected
40053,2025-09-12T03:00:00,0.29,1.32,0.0,230.1,0.86,Connected
40054,2025-09-12T03:00:00,0.25,1.36,0.0,226.3,0.99,Connected
40055,2025-09-12T03:00:00,0.26,1.43,0.0,226.8,0.88,Connected
40056,2025-09-12T03:00:00,0.24,1.34,0.0,226.3,0.91,Connected
40057,2025-09-12T03:00:00,0.27,1.38,0.0,230.1,0.97,Connected
40058,2025-09-12T03:00:00,0.25,1.34,0.0,234.7,0.98,Connected
40059,2025-09-12T03:00:00,0.3,1.46,0.0,230.9,0.88,Connected
10000,2025-09-12T04:00:00,1.24,6.5,0.0,229.6,0.87,Connected
10001,2025-09-12T04:00:00,1.27,7.1,0.0,227.4,0.99,Connected
10002,2025-09-12T04:00:00,0.97,6.66,0.0,224.8,0.86,Connected
10003,2025-09-12T04:00:00,0.97,6.95,0.0,235.6,0.98,Connected
10004,2025-09-12T04:00:00,0.98,6.34,0.0,228.5,0.92,Connected
10005,2025-09-12T04:00:00,1.18,6.77,0.0,231.9,0.86,Connected
10006,2025-09-12T04:00:00,0.98,6.38,0.0,224.1,0.89,Connected
10007,2025-09-12T04:00:00,1.04,6.9,0.0,232.3,0.91,Connected
10008,2025-09-12T04:00:00,0.96,6.53,0.0,225.9,0.96,Connected
10009,2025-09-12T04:00:00,1.19,6.69,0.0,228.6,0.88,Connected
10010,2025-09-12T04:00:00,1.12,6.25,0.0,229.1,0.86,Connected
10011,2025-09-12T04:00:00,1.1,6.94,0.0,234.4,0.86,Connected
20012,2025-09-12T04:00:00,0.32,1.77,0.0,234.2,0.91,Connected
20013,2025-09-12T04:00:00,0.26,1.65,0.0,224.1,0.96,Connected
20014,2025-09-12T04:00:00,0.26,1.57,0.0,231.8,0.86,Connected
20015,2025-09-12T04:00:00,0.29,1.66,0.0,230.0,0.92,Connected
20016,2025-09-12T04:00:00,0.3,1.75,0.0,231.2,0.94,Connected
20017,2025-09-12T04:00:00,0.31,1.72,0.0,231.4,0.97,Connected
20018,2025-09-12T04:00:00,0.27,1.66,0.0,232.5,0.85,Connected
20019,2025-09-12T04:00:00,0.3,1.67,0.0,233.2,0.97,Connected
20020,2025-09-12T04:00:00,0.32,1.57,0.0,233.3,0.97,Connected
20021,2025-09-12T04:00:00,0.27,1.63,0.0,224.3,0.86,Connected
20022,2025-09-12T04:00:00,0.28,1.71,0.0,232.9,0.91,Connected
20023,2025-09-12T04:00:00,0.33,1.64,0.0,229.8,0.96,Connected
20024,2025-09-12T04:00:00,0.32,1.74,0.0,229.3,0.86,Connected
20025,2025-09-12T04:00:00,0.32,1.75,0.0,234.8,0.93,Connected
20026,2025-09-12T04:00:00,0.29,1.68,0.0,233.6,0.86,Connected
20027,2025-09-12T04:00:00,0.31,1.79,0.0,231.6,0.96,Connected
20028,2025-09-12T04:00:00,0.28,1.68,0.0,228.9,0.97,Connected
30029,2025-09-12T04:00:00,0.55,3.32,0.0,230.4,0.87,Connected
30030,2025-09-12T04:00:00,0.5,3.21,0.0,231.0,0.91,Connected
30031,2025-09-12T04:00:00,0.63,3.14,0.0,231.0,0.94,Connected
30032,2025-09-12T04:00:00,0.58,3.57,0.0,231.5,0.98,Connected
30033,2025-09-12T04:00:00,0.6,3.45,0.0,232.4,0.94,Connected
30034,2025-09-12T04:00:00,0.52,3.1,0.0,223.9,0.99,Connected
30035,2025-09-12T04:00:00,0.53,3.14,0.0,232.8,0.86,Connected
30036,2025-09-12T04:00:00,0.55,3.35,0.0,232.2,0.88,Connected
30037,2025-09-12T04:00:00,0.49,3.23,0.0,229.0,0.97,Connected
30038,2025-09-12T04:00:00,0.51,3.28,0.0,234.6,0.89,Connected
30039,2025-09-12T04:00:00,0.64,3.25,0.0,230.4,0.96,Connected
30040,2025-09-12T04:00:00,0.59,3.29,0.0,228.5,0.89,Connected
30041,2025-09-12T04:00:00,0.6,3.19,0.0,235.7,0.98,Connected
30042,2025-09-12T04:00:00,0.65,3.52,0.0,227.7,0.95,Connected
40043,2025-09-12T04:00:00,0.25,1.66,0.0,228.7,0.86,Connected
40044,2025-09-12T04:00:00,0.26,1.7,0.0,234.9,0.87,Connected
40045,2025-09-12T04:00:00,0.27,1.6,0.0,233.6,0.9,Connected
40046,2025-09-12T04:00:00,0.31,1.72,0.0,235.0,0.94,Connected
40047,2025-09-12T04:00:00,0.3,1.65,0.0,221.5,0.94,Connected
40048,2025-09-12T04:00:00,0.27,1.82,0.0,227.6,0.95,Connected
40049,2025-09-12T04:00:00,0.3,1.65,0.0,228.9,0.88,Connected
40050,2025-09-12T04:00:00,0.27,1.71,0.0,223.8,0.93,Connected
40051,2025-09-12T04:00:00,0.29,1.68,0.0,232.7,0.93,Connected
40052,2025-09-12T04:00:00,0.29,1.57,0.0,227.6,0.87,Connected
40053,2025-09-12T04:00:00,0.32,1.64,0.0,229.2,0.99,Connected
40054,2025-09-12T04:00:00,0.29,1.65,0.0,226.2,0.88,Connected
40055,2025-09-12T04:00:00,0.25,1.68,0.0,229.6,0.88,Connected
40056,2025-09-12T04:00:00,0.26,1.6,0.0,230.5,0.93,Connected
40057,2025-09-12T04:00:00,0.3,1.67,0.0,231.3,0.94,Connected
40058,2025-09-12T04:00:00,0.28,1.62,0.0,227.8,0.92,Connected
40059,2025-09-12T04:00:00,0.26,1.72,0.0,228.1,0.96,Connected
10000,2025-09-12T05:00:00,1.8,8.3,0.0,226.7,0.97,Connected
10001,2025-09-12T05:00:00,1.51,8.61,0.0,227.1,0.91,Connected
10002,2025-09-12T05:00:00,1.68,8.34,0.0,233.4,1.0,Connected
10003,2025-09-12T05:00:00,1.81,8.76,0.0,238.0,0.94,Connected
10004,2025-09-12T05:00:00,1.38,7.72,0.0,234.7,0.96,Connected
10005,2025-09-12T05:00:00,1.71,8.48,0.0,230.5,0.92,Connected
10006,2025-09-12T05:00:00,1.62,8.01,0.0,227.1,0.95,Connected
10007,2025-09-12T05:00:00,1.38,8.28,0.0,226.7,0.95,Connected
10008,2025-09-12T05:00:00,1.54,8.07,0.0,233.9,0.87,Connected
10009,2025-09-12T05:00:00,1.51,8.2,0.0,229.2,0.87,Connected
10010,2025-09-12T05:00:00,1.42,7.67,0.0,229.5,0.93,Connected
10011,2025-09-12T05:00:00,1.38,8.32,0.0,227.9,0.98,Connected
20012,2025-09-12T05:00:00,0.46,2.23,0.0,233.2,0.95,Connected
20013,2025-09-12T05:00:00,0.36,2.01,0.0,227.9,0.9,Connected
20014,2025-09-12T05:00:00,0.44,2.02,0.0,233.3,0.92,Connected
20015,2025-09-12T05:00:00,0.43,2.09,0.0,232.9,0.94,Connected
20016,2025-09-12T05:00:00,0.45,2.2,0.0,227.7,0.93,Connected
20017,2025-09-12T05:00:00,0.34,2.06,0.0,228.4,0.95,Connected
20018,2025-09-12T05:00:00,0.37,2.04,0.0,231.4,0.92,Connected
20019,2025-09-12T05:00:00,0.41,2.08,0.0,232.1,0.89,Connected
20020,2025-09-12T05:00:00,0.4,1.97,0.0,231.8,0.89,Connected
20021,2025-09-12T05:00:00,0.4,2.04,0.0,223.9,0.9,Connected
20022,2025-09-12T05:00:00,0.42,2.13,0.0,225.1,0.89,Connected
20023,2025-09-12T05:00:00,0.37,2.01,0.0,232.1,0.98,Connected
20024,2025-09-12T05:00:00,0.39,2.13,0.0,226.2,0.93,Connected
20025,2025-09-12T05:00:00,0.45,2.2,0.0,228.0,0.96,Connected
20026,2025-09-12T05:00:00,0.46,2.14,0.0,231.1,0.97,Connected
20027,2025-09-12T05:00:00,0.34,2.13,0.0,230.1,0.88,Connected
20028,2025-09-12T05:00:00,0.44,2.12,0.0,232.1,0.85,Connected
30029,2025-09-12T05:00:00,0.75,4.07,0.0,230.3,0.92,Connected
30030,2025-09-12T05:00:00,0.83,4.05,0.0,232.9,0.99,Connected
30031,2025-09-12T05:00:00,0.74,3.88,0.0,226.3,0.91,Connected
30032,2025-09-12T05:00:00,0.7,4.28,0.0,233.6,0.88,Connected
30033,2025-09-12T05:00:00,0.87,4.32,0.0,228.2,0.89,Connected
30034,2025-09-12T05:00:00,0.7,3.8,0.0,230.1,0.93,Connected
30035,2025-09-12T05:00:00,0.73,3.87,0.0,232.3,0.95,Connected
30036,2025-09-12T05:00:00,0.86,4.21,0.0,233.2,1.0,Connected
30037,2025-09-12T05:00:00,0.8,4.03,0.0,229.9,0.88,Connected
30038,2025-09-12T05:00:00,0.83,4.12,0.0,230.7,0.86,Connected
30039,2025-09-12T05:00:00,0.73,3.98,0.0,230.6,0.89,Connected
30040,2025-09-12T05:00:00,0.79,4.08,0.0,233.2,1.0,Connected
30041,2025-09-12T05:00:00,0.78,3.97,0.0,234.2,0.93,Connected
30042,2025-09-12T05:00:00,0.88,4.4,0.0,230.6,0.97,Connected
40043,2025-09-12T05:00:00,0.35,2.01,0.0,227.4,0.93,Connected
40044,2025-09-12T05:00:00,0.41,2.11,0.0,228.2,0.91,Connected
40045,2025-09-12T05:00:00,0.45,2.05,0.0,238.2,0.92,Connected
40046,2025-09-12T05:00:00,0.4,2.12,0.0,228.5,0.95,Connected
40047,2025-09-12T05:00:00,0.42,2.07,0.0,231.1,0.9,Connected
40048,2025-09-12T05:00:00,0.38,2.2,0.0,225.3,0.85,Connected
40049,2025-09-12T05:00:00,0.4,2.05,0.0,233.8,0.87,Connected
40050,2025-09-12T05:00:00,0.37,2.08,0.0,227.8,0.94,Connected
40051,2025-09-12T05:00:00,0.42,2.11,0.0,231.5,0.91,Connected
40052,2025-09-12T05:00:00,0.41,1.98,0.0,233.2,0.89,Connected
40053,2025-09-12T05:00:00,0.45,2.09,0.0,232.5,0.92,Connected
40054,2025-09-12T05:00:00,0.36,2.01,0.0,228.8,0.88,Connected
40055,2025-09-12T05:00:00,0.34,2.02,0.0,228.7,0.99,Connected
40056,2025-09-12T05:00:00,0.38,1.99,0.0,235.7,0.95,Connected
40057,2025-09-12T05:00:00,0.43,2.1,0.0,230.5,0.86,Connected
40058,2025-09-12T05:00:00,0.43,2.05,0.0,230.3,0.93,Connected
40059,2025-09-12T05:00:00,0.41,2.13,0.0,227.5,0.93,Connected
10000,2025-09-12T06:00:00,3.39,11.69,0.0,231.6,0.94,Connected
10001,2025-09-12T06:00:00,4.06,12.67,0.0,233.9,0.93,Connected
10002,2025-09-12T06:00:00,3.8,12.14,0.0,232.4,0.98,Connected
10003,2025-09-12T06:00:00,4.28,13.04,0.0,226.4,0.97,Connected
10004,2025-09-12T06:00:00,3.96,11.68,0.0,230.0,0.95,Connected
10005,2025-09-12T06:00:00,4.03,12.51,0.0,231.6,0.93,Connected
10006,2025-09-12T06:00:00,3.82,11.38,0.0,230.2,0.95,Connected
10007,2025-09-12T06:00:00,3.69,11.97,0.0,233.0,0.9,Connected
10008,2025-09-12T06:00:00,3.82,11.44,0.0,226.0,0.97,Connected
10009,2025-09-12T06:00:00,4.16,12.37,0.0,225.7,1.0,Connected
10010,2025-09-12T06:00:00,3.84,11.06,0.0,228.2,0.97,Connected
10011,2025-09-12T06:00:00,3.97,12.29,0.0,227.5,0.93,Connected
20012,2025-09-12T06:00:00,0.84,3.07,0.0,229.3,0.99,Connected
20013,2025-09-12T06:00:00,1.11,3.11,0.0,233.9,1.0,Connected
20014,2025-09-12T06:00:00,0.92,2.94,0.0,237.2,0.86,Connected
20015,2025-09-12T06:00:00,1.12,3.21,0.0,230.9,0.95,Connected
20016,2025-09-12T06:00:00,1.09,3.29,0.0,231.8,0.86,Connected
20017,2025-09-12T06:00:00,0.99,3.05,0.0,233.7,0.97,Connected
20018,2025-09-12T06:00:00,1.04,2.99,0.0,231.7,0.86,Connected
20019,2025-09-12T06:00:00,1.01,3.1,0.0,232.1,0.96,Connected
20020,2025-09-12T06:00:00,1.12,3.0,0.0,229.2,0.98,Connected
20021,2025-09-12T06:00:00,0.93,2.96,0.0,225.5,0.93,Connected
20022,2025-09-12T06:00:00,1.12,3.26,0.0,229.5,0.99,Connected
20023,2025-09-12T06:00:00,0.9,2.91,0.0,229.0,0.96,Connected
20024,2025-09-12T06:00:00,1.09,3.22,0.0,227.4,0.92,Connected
20025,2025-09-12T06:00:00,0.94,3.06,0.0,229.1,0.94,Connected
20026,2025-09-12T06:00:00,0.91,3.05,0.0,230.6,0.93,Connected
20027,2025-09-12T06:00:00,0.96,3.0,0.0,230.6,0.99,Connected
20028,2025-09-12T06:00:00,1.03,3.15,0.0,228.3,0.9,Connected
30029,2025-09-12T06:00:00,1.82,5.66,0.0,237.3,0.99,Connected
30030,2025-09-12T06:00:00,1.79,5.83,0.0,229.8,0.91,Connected
30031,2025-09-12T06:00:00,1.88,5.75,0.0,228.0,0.9,Connected
30032,2025-09-12T06:00:00,1.92,6.19,0.0,235.2,0.9,Connected
30033,2025-09-12T06:00:00,1.93,6.25,0.0,233.5,1.0,Connected
30034,2025-09-12T06:00:00,2.1,5.9,0.0,234.2,0.99,Connected
30035,2025-09-12T06:00:00,2.03,5.67,0.0,223.5,0.86,Connected
30036,2025-09-12T06:00:00,1.87,6.08,0.0,229.7,0.96,Connected
30037,2025-09-12T06:00:00,1.93,5.96,0.0,229.7,0.92,Connected
30038,2025-09-12T06:00:00,2.05,6.17,0.0,233.1,0.89,Connected
30039,2025-09-12T06:00:00,1.92,5.9,0.0,234.2,0.99,Connected
30040,2025-09-12T06:00:00,1.84,5.92,0.0,226.8,0.9,Connected
30041,2025-09-12T06:00:00,2.0,5.73,0.0,238.2,0.95,Connected
30042,2025-09-12T06:00:00,1.73,6.12,0.0,227.3,0.92,Connected
40043,2025-09-12T06:00:00,1.04,3.05,0.0,234.9,0.86,Connected
40044,2025-09-12T06:00:00,0.89,2.91,0.0,229.3,0.89,Connected
40045,2025-09-12T06:00:00,0.85,2.81,0.0,232.1,0.93,Connected
40046,2025-09-12T06:00:00,0.89,2.92,0.0,234.7,0.86,Connected
40047,2025-09-12T06:00:00,0.99,3.06,0.0,233.2,0.89,Connected
40048,2025-09-12T06:00:00,0.99,3.1,0.0,226.6,0.85,Connected
40049,2025-09-12T06:00:00,0.96,2.92,0.0,229.5,0.97,Connected
40050,2025-09-12T06:00:00,0.97,3.05,0.0,228.0,0.86,Connected
40051,2025-09-12T06:00:00,1.12,3.13,0.0,229.5,1.0,Connected
40052,2025-09-12T06:00:00,1.06,3.03,0.0,226.8,0.88,Connected
40053,2025-09-12T06:00:00,0.97,3.06,0.0,227.6,0.95,Connected
40054,2025-09-12T06:00:00,0.93,2.94,0.0,234.5,0.92,Connected
40055,2025-09-12T06:00:00,1.07,3.0,0.0,233.9,0.93,Connected
40056,2025-09-12T06:00:00,0.96,2.94,0.0,231.2,0.86,Connected
40057,2025-09-12T06:00:00,1.1,3.2,0.0,230.0,0.93,Connected
40058,2025-09-12T06:00:00,1.0,3.05,0.0,229.3,0.92,Connected
40059,2025-09-12T06:00:00,0.96,3.0,0.0,228.5,0.95,Connected
10000,2025-09-12T07:00:00,5.81,17.5,0.0,231.1,0.91,Connected
10001,2025-09-12T07:00:00,4.81,17.48,0.0,233.9,0.89,Connected
10002,2025-09-12T07:00:00,4.99,17.13,0.0,218.8,0.94,Connected
10003,2025-09-12T07:00:00,6.0,19.04,0.0,231.7,1.0,Connected
10004,2025-09-12T07:00:00,5.38,17.06,0.0,230.0,0.92,Connected
10005,2025-09-12T07:00:00,5.64,18.16,0.0,229.2,0.96,Connected
10006,2025-09-12T07:00:00,5.56,15.28,0.0,229.5,0.95,Connected
10007,2025-09-12T07:00:00,5.74,17.71,0.0,228.7,0.92,Connected
10008,2025-09-12T07:00:00,5.4,15.19,0.0,231.0,0.97,Connected
10009,2025-09-12T07:00:00,4.78,17.15,0.0,232.1,0.94,Connected
10010,2025-09-12T07:00:00,5.8,15.2,0.0,233.7,0.88,Connected
10011,2025-09-12T07:00:00,5.48,17.77,0.0,237.8,0.87,Connected
20012,2025-09-12T07:00:00,1.27,4.34,0.0,230.5,0.95,Connected
20013,2025-09-12T07:00:00,1.3,4.41,0.0,230.9,0.99,Connected
20014,2025-09-12T07:00:00,1.39,4.33,0.0,234.5,0.92,Connected
20015,2025-09-12T07:00:00,1.51,4.71,0.0,227.8,0.9,Connected
20016,2025-09-12T07:00:00,1.5,4.79,0.0,229.9,0.87,Connected
20017,2025-09-12T07:00:00,1.27,4.32,0.0,225.3,0.97,Connected
20018,2025-09-12T07:00:00,1.46,4.12,0.0,233.0,0.96,Connected
20019,2025-09-12T07:00:00,1.21,4.31,0.0,231.5,0.91,Connected
20020,2025-09-12T07:00:00,1.46,4.12,0.0,230.2,0.98,Connected
20021,2025-09-12T07:00:00,1.49,4.45,0.0,231.4,0.88,Connected
20022,2025-09-12T07:00:00,1.2,4.45,0.0,231.4,0.99,Connected
20023,2025-09-12T07:00:00,1.26,4.17,0.0,232.7,0.96,Connected
20024,2025-09-12T07:00:00,1.31,4.53,0.0,236.1,1.0,Connected
20025,2025-09-12T07:00:00,1.43,4.16,0.0,233.2,0.86,Connected
20026,2025-09-12T07:00:00,1.47,4.52,0.0,232.9,0.93,Connected
20027,2025-09-12T07:00:00,1.39,4.06,0.0,224.8,0.92,Connected
20028,2025-09-12T07:00:00,1.53,4.68,0.0,222.9,0.89,Connected
30029,2025-09-12T07:00:00,3.13,7.9,0.0,225.6,0.9,Connected
30030,2025-09-12T07:00:00,2.9,8.73,0.0,223.5,0.93,Connected
30031,2025-09-12T07:00:00,3.03,8.78,0.0,223.9,0.88,Connected
30032,2025-09-12T07:00:00,2.76,8.95,0.0,230.6,0.9,Connected
30033,2025-09-12T07:00:00,2.86,9.11,0.0,232.7,0.9,Connected
30034,2025-09-12T07:00:00,3.05,8.95,0.0,230.2,0.97,Connected
30035,2025-09-12T07:00:00,2.63,7.41,0.0,223.3,0.92,Connected
30036,2025-09-12T07:00:00,3.09,9.17,0.0,230.2,0.92,Connected
30037,2025-09-12T07:00:00,2.41,8.38,0.0,230.6,0.94,Connected
30038,2025-09-12T07:00:00,2.85,9.02,0.0,234.1,0.93,Connected
30039,2025-09-12T07:00:00,2.58,8.48,0.0,231.9,0.87,Connected
30040,2025-09-12T07:00:00,2.7,8.62,0.0,225.5,0.89,Connected
30041,2025-09-12T07:00:00,2.61,7.46,0.0,227.3,0.96,Connected
30042,2025-09-12T07:00:00,2.89,9.02,0.0,229.5,0.93,Connected
40043,2025-09-12T07:00:00,1.61,4.66,0.0,223.7,0.97,Connected
40044,2025-09-12T07:00:00,1.31,3.89,0.0,228.7,0.88,Connected
40045,2025-09-12T07:00:00,1.47,3.95,0.0,228.7,0.91,Connected
40046,2025-09-12T07:00:00,1.54,4.12,0.0,226.9,0.9,Connected
40047,2025-09-12T07:00:00,1.24,4.3,0.0,229.4,0.98,Connected
40048,2025-09-12T07:00:00,1.2,3.96,0.0,233.4,0.97,Connected
40049,2025-09-12T07:00:00,1.6,4.19,0.0,229.6,0.86,Connected
40050,2025-09-12T07:00:00,1.47,4.51,0.0,237.7,0.9,Connected
40051,2025-09-12T07:00:00,1.23,4.03,0.0,231.2,0.86,Connected
40052,2025-09-12T07:00:00,1.53,4.56,0.0,237.3,0.93,Connected
40053,2025-09-12T07:00:00,1.52,4.59,0.0,227.2,0.93,Connected
40054,2025-09-12T07:00:00,1.46,4.4,0.0,228.0,0.87,Connected
40055,2025-09-12T07:00:00,1.38,4.05,0.0,229.1,0.89,Connected
40056,2025-09-12T07:00:00,1.22,4.16,0.0,230.1,0.87,Connected
40057,2025-09-12T07:00:00,1.29,4.49,0.0,228.2,0.94,Connected
40058,2025-09-12T07:00:00,1.36,4.42,0.0,228.9,0.95,Connected
40059,2025-09-12T07:00:00,1.45,4.12,0.0,231.6,0.97,Connected
10000,2025-09-12T08:00:00,4.54,22.04,0.0,225.1,0.94,Connected
10001,2025-09-12T08:00:00,4.59,22.07,0.0,236.5,0.85,Connected
10002,2025-09-12T08:00:00,4.05,21.18,0.0,232.7,0.93,Connected
10003,2025-09-12T08:00:00,4.77,23.81,0.0,233.2,0.9,Connected
10004,2025-09-12T08:00:00,4.03,21.09,0.0,232.1,0.88,Connected
10005,2025-09-12T08:00:00,4.83,22.99,0.0,226.8,0.86,Connected
10006,2025-09-12T08:00:00,4.26,16.06,0.0,228.9,0.92,Connected
10007,2025-09-12T08:00:00,4.21,21.93,0.0,230.7,0.88,Connected
10008,2025-09-12T08:00:00,4.85,16.54,0.0,231.5,0.94,Connected
10009,2025-09-12T08:00:00,3.99,21.14,0.0,231.9,0.95,Connected
10010,2025-09-12T08:00:00,5.08,16.79,0.0,231.5,0.9,Connected
10011,2025-09-12T08:00:00,4.81,22.58,0.0,228.1,0.94,Connected
20012,2025-09-12T08:00:00,1.08,5.43,0.0,230.1,0.86,Connected
20013,2025-09-12T08:00:00,1.03,5.45,0.0,231.5,0.98,Connected
20014,2025-09-12T08:00:00,1.05,5.38,0.0,234.8,0.85,Connected
20015,2025-09-12T08:00:00,1.13,5.84,0.0,229.0,0.9,Connected
20016,2025-09-12T08:00:00,1.09,5.88,0.0,233.8,0.92,Connected
20017,2025-09-12T08:00:00,1.33,5.64,0.0,230.4,0.98,Connected
20018,2025-09-12T08:00:00,1.28,4.7,0.0,226.5,0.97,Connected
20019,2025-09-12T08:00:00,1.26,5.57,0.0,234.7,0.9,Connected
20020,2025-09-12T08:00:00,1.15,4.58,0.0,234.2,0.89,Connected
20021,2025-09-12T08:00:00,1.29,5.74,0.0,233.6,0.94,Connected
20022,2025-09-12T08:00:00,1.26,5.71,0.0,228.0,0.95,Connected
20023,2025-09-12T08:00:00,1.21,5.38,0.0,224.6,0.95,Connected
20024,2025-09-12T08:00:00,1.19,5.72,0.0,232.8,0.88,Connected
20025,2025-09-12T08:00:00,1.11,4.57,0.0,228.9,0.96,Connected
20026,2025-09-12T08:00:00,1.0,5.52,0.0,231.2,0.91,Connected
20027,2025-09-12T08:00:00,1.17,4.53,0.0,234.7,0.87,Connected
20028,2025-09-12T08:00:00,1.35,6.03,0.0,234.1,0.94,Connected
30029,2025-09-12T08:00:00,2.36,8.4,0.0,232.6,0.93,Connected
30030,2025-09-12T08:00:00,2.62,11.35,0.0,224.1,0.95,Connected
30031,2025-09-12T08:00:00,2.71,11.49,0.0,232.6,0.86,Connected
30032,2025-09-12T08:00:00,2.17,11.12,0.0,233.3,0.88,Connected
30033,2025-09-12T08:00:00,2.63,11.74,0.0,222.8,0.96,Connected
30034,2025-09-12T08:00:00,2.63,11.59,0.0,231.4,0.99,Connected
30035,2025-09-12T08:00:00,2.44,7.99,0.0,229.3,0.96,Connected
30036,2025-09-12T08:00:00,2.22,11.39,0.0,235.1,1.0,Connected
30037,2025-09-12T08:00:00,2.45,10.82,0.0,226.5,0.96,Connected
30038,2025-09-12T08:00:00,2.52,11.54,0.0,229.7,0.88,Connected
30039,2025-09-12T08:00:00,2.41,10.89,0.0,231.6,0.9,Connected
30040,2025-09-12T08:00:00,2.06,10.68,0.0,227.5,0.87,Connected
30041,2025-09-12T08:00:00,2.7,8.29,0.0,224.1,0.9,Connected
30042,2025-09-12T08:00:00,2.58,11.59,0.0,237.0,0.97,Connected
40043,2025-09-12T08:00:00,1.12,5.78,0.0,231.1,0.92,Connected
40044,2025-09-12T08:00:00,1.02,4.21,0.0,234.4,0.99,Connected
40045,2025-09-12T08:00:00,1.07,4.32,0.0,232.5,0.92,Connected
40046,2025-09-12T08:00:00,1.2,4.62,0.0,229.4,0.88,Connected
40047,2025-09-12T08:00:00,1.26,5.56,0.0,229.0,0.86,Connected
40048,2025-09-12T08:00:00,1.11,4.38,0.0,227.3,0.88,Connected
40049,2025-09-12T08:00:00,1.23,4.72,0.0,231.6,0.99,Connected
40050,2025-09-12T08:00:00,1.33,5.84,0.0,233.4,0.9,Connected
40051,2025-09-12T08:00:00,1.21,4.55,0.0,233.5,0.94,Connected
40052,2025-09-12T08:00:00,1.34,5.9,0.0,232.4,0.86,Connected
40053,2025-09-12T08:00:00,1.08,5.67,0.0,232.9,0.95,Connected
40054,2025-09-12T08:00:00,1.0,5.41,0.0,231.4,0.89,Connected
40055,2025-09-12T08:00:00,1.02,4.37,0.0,228.8,0.97,Connected
40056,2025-09-12T08:00:00,1.04,5.2,0.0,228.7,0.93,Connected
40057,2025-09-12T08:00:00,1.1,5.59,0.0,228.7,0.92,Connected
40058,2025-09-12T08:00:00,1.23,5.65,0.0,232.8,0.9,Connected
40059,2025-09-12T08:00:00,1.26,4.68,0.0,228.6,0.91,Connected
10000,2025-09-12T09:00:00,2.79,24.84,0.0,224.2,0.92,Connected
10001,2025-09-12T09:00:00,3.05,25.12,0.0,233.2,0.94,Connected
10002,2025-09-12T09:00:00,2.99,24.17,0.0,229.8,0.92,Connected
10003,2025-09-12T09:00:00,2.88,26.69,0.0,228.6,0.9,Connected
10004,2025-09-12T09:00:00,3.15,24.23,0.0,232.5,0.89,Connected
10005,2025-09-12T09:00:00,3.38,26.37,0.0,230.6,0.95,Connected
10006,2025-09-12T09:00:00,2.74,16.06,2.64,231.2,0.93,Connected
10007,2025-09-12T09:00:00,3.38,25.31,0.0,232.8,0.98,Connected
10008,2025-09-12T09:00:00,2.64,16.54,2.74,228.1,0.85,Connected
10009,2025-09-12T09:00:00,2.73,23.87,0.0,233.2,0.98,Connected
10010,2025-09-12T09:00:00,2.91,16.79,2.47,233.1,0.87,Connected
10011,2025-09-12T09:00:00,2.82,25.4,0.0,236.1,0.89,Connected
20012,2025-09-12T09:00:00,0.83,6.26,0.0,229.7,1.0,Connected
20013,2025-09-12T09:00:00,0.81,6.26,0.0,226.7,0.88,Connected
20014,2025-09-12T09:00:00,0.79,6.17,0.0,223.0,1.0,Connected
20015,2025-09-12T09:00:00,0.72,6.56,0.0,230.6,1.0,Connected
20016,2025-09-12T09:00:00,0.67,6.55,0.0,232.3,0.97,Connected
20017,2025-09-12T09:00:00,0.82,6.46,0.0,238.5,0.85,Connected
20018,2025-09-12T09:00:00,0.73,4.7,0.34,230.6,0.92,Connected
20019,2025-09-12T09:00:00,0.88,6.45,0.0,225.7,0.98,Connected
20020,2025-09-12T09:00:00,0.86,4.58,0.21,231.5,0.9,Connected
20021,2025-09-12T09:00:00,0.76,6.5,0.0,232.9,0.85,Connected
20022,2025-09-12T09:00:00,0.85,6.57,0.0,228.8,0.89,Connected
20023,2025-09-12T09:00:00,0.73,6.12,0.0,230.2,0.86,Connected
20024,2025-09-12T09:00:00,0.8,6.52,0.0,232.4,0.93,Connected
20025,2025-09-12T09:00:00,0.76,4.57,0.32,232.4,1.0,Connected
20026,2025-09-12T09:00:00,0.84,6.36,0.0,236.8,0.93,Connected
20027,2025-09-12T09:00:00,0.85,4.53,0.22,233.7,0.98,Connected
20028,2025-09-12T09:00:00,0.87,6.89,0.0,233.2,0.97,Connected
30029,2025-09-12T09:00:00,1.59,8.4,1.28,229.2,0.91,Connected
30030,2025-09-12T09:00:00,1.71,13.05,0.0,231.7,0.86,Connected
30031,2025-09-12T09:00:00,1.65,13.15,0.0,221.7,0.88,Connected
30032,2025-09-12T09:00:00,1.74,12.86,0.0,231.1,0.9,Connected
30033,2025-09-12T09:00:00,1.7,13.44,0.0,224.6,0.86,Connected
30034,2025-09-12T09:00:00,1.65,13.24,0.0,221.6,0.94,Connected
30035,2025-09-12T09:00:00,1.42,7.99,1.45,232.0,0.91,Connected
30036,2025-09-12T09:00:00,1.56,12.94,0.0,230.3,0.99,Connected
30037,2025-09-12T09:00:00,1.78,12.6,0.0,219.2,0.96,Connected
30038,2025-09-12T09:00:00,1.37,12.9,0.0,226.6,0.87,Connected
30039,2025-09-12T09:00:00,1.5,12.39,0.0,232.2,0.89,Connected
30040,2025-09-12T09:00:00,1.58,12.26,0.0,225.6,0.95,Connected
30041,2025-09-12T09:00:00,1.4,8.29,1.47,237.3,0.86,Connected
30042,2025-09-12T09:00:00,1.61,13.2,0.0,225.8,0.91,Connected
40043,2025-09-12T09:00:00,0.68,6.46,0.0,230.1,0.88,Connected
40044,2025-09-12T09:00:00,0.74,4.21,0.34,228.2,0.89,Connected
40045,2025-09-12T09:00:00,0.68,4.32,0.39,233.2,0.93,Connected
40046,2025-09-12T09:00:00,0.74,4.62,0.33,229.6,0.94,Connected
40047,2025-09-12T09:00:00,0.74,6.29,0.0,226.7,0.93,Connected
40048,2025-09-12T09:00:00,0.77,4.38,0.31,234.2,0.98,Connected
40049,2025-09-12T09:00:00,0.71,4.72,0.37,231.0,0.94,Connected
40050,2025-09-12T09:00:00,0.69,6.53,0.0,234.4,0.98,Connected
40051,2025-09-12T09:00:00,0.8,4.55,0.28,232.2,0.98,Connected
40052,2025-09-12T09:00:00,0.72,6.62,0.0,223.1,0.99,Connected
40053,2025-09-12T09:00:00,0.81,6.48,0.0,236.4,0.9,Connected
40054,2025-09-12T09:00:00,0.74,6.14,0.0,230.6,0.95,Connected
40055,2025-09-12T09:00:00,0.88,4.37,0.2,234.9,0.85,Connected
40056,2025-09-12T09:00:00,0.69,5.89,0.0,224.7,0.92,Connected
40057,2025-09-12T09:00:00,0.7,6.3,0.0,235.7,0.9,Connected
40058,2025-09-12T09:00:00,0.73,6.38,0.0,229.4,0.95,Connected
40059,2025-09-12T09:00:00,0.75,4.68,0.33,225.3,1.0,Connected
10000,2025-09-12T10:00:00,2.52,27.36,0.0,234.7,0.95,Connected
10001,2025-09-12T10:00:00,2.8,27.92,0.0,230.0,0.91,Connected
10002,2025-09-12T10:00:00,2.53,26.7,0.0,230.8,0.86,Connected
10003,2025-09-12T10:00:00,2.71,29.4,0.0,235.3,1.0,Connected
10004,2025-09-12T10:00:00,2.84,27.07,0.0,229.9,0.93,Connected
10005,2025-09-12T10:00:00,2.72,29.09,0.0,227.6,0.85,Connected
10006,2025-09-12T10:00:00,2.39,16.06,7.2,227.8,0.88,Connected
10007,2025-09-12T10:00:00,2.39,27.7,0.0,233.3,0.99,Connected
10008,2025-09-12T10:00:00,3.04,16.54,6.65,231.5,0.98,Connected
10009,2025-09-12T10:00:00,2.42,26.28,0.0,231.8,0.95,Connected
10010,2025-09-12T10:00:00,3.04,16.79,6.37,231.7,0.96,Connected
10011,2025-09-12T10:00:00,3.02,28.42,0.0,227.5,1.0,Connected
20012,2025-09-12T10:00:00,0.74,7.0,0.0,228.9,0.94,Connected
20013,2025-09-12T10:00:00,0.7,6.96,0.0,226.5,0.85,Connected
20014,2025-09-12T10:00:00,0.76,6.93,0.0,229.0,0.99,Connected
20015,2025-09-12T10:00:00,0.63,7.19,0.0,226.1,0.96,Connected
20016,2025-09-12T10:00:00,0.58,7.13,0.0,233.4,0.98,Connected
20017,2025-09-12T10:00:00,0.65,7.11,0.0,228.6,0.9,Connected
20018,2025-09-12T10:00:00,0.72,4.7,1.02,231.4,0.99,Connected
20019,2025-09-12T10:00:00,0.64,7.09,0.0,225.1,0.91,Connected
20020,2025-09-12T10:00:00,0.73,4.58,0.87,237.1,0.93,Connected
20021,2025-09-12T10:00:00,0.75,7.25,0.0,229.6,0.93,Connected
20022,2025-09-12T10:00:00,0.76,7.32,0.0,231.0,0.85,Connected
20023,2025-09-12T10:00:00,0.75,6.86,0.0,228.2,0.88,Connected
20024,2025-09-12T10:00:00,0.74,7.26,0.0,231.0,0.95,Connected
20025,2025-09-12T10:00:00,0.61,4.57,1.09,231.7,0.99,Connected
20026,2025-09-12T10:00:00,0.75,7.11,0.0,231.7,0.96,Connected
20027,2025-09-12T10:00:00,0.77,4.53,0.84,229.4,0.92,Connected
20028,2025-09-12T10:00:00,0.63,7.52,0.0,231.8,0.99,Connected
30029,2025-09-12T10:00:00,1.53,8.4,3.46,227.5,0.85,Connected
30030,2025-09-12T10:00:00,1.55,14.61,0.0,228.0,0.91,Connected
30031,2025-09-12T10:00:00,1.51,14.65,0.0,234.2,0.92,Connected
30032,2025-09-12T10:00:00,1.18,14.04,0.0,231.3,0.97,Connected
30033,2025-09-12T10:00:00,1.17,14.61,0.0,232.2,0.91,Connected
30034,2025-09-12T10:00:00,1.51,14.75,0.0,231.6,0.96,Connected
30035,2025-09-12T10:00:00,1.48,7.99,3.68,228.0,0.95,Connected
30036,2025-09-12T10:00:00,1.36,14.3,0.0,226.6,0.93,Connected
30037,2025-09-12T10:00:00,1.33,13.93,0.0,231.8,0.93,Connected
30038,2025-09-12T10:00:00,1.44,14.34,0.0,230.7,0.89,Connected
30039,2025-09-12T10:00:00,1.32,13.71,0.0,231.8,0.98,Connected
30040,2025-09-12T10:00:00,1.45,13.71,0.0,226.1,0.93,Connected
30041,2025-09-12T10:00:00,1.37,8.29,3.81,234.2,0.95,Connected
30042,2025-09-12T10:00:00,1.42,14.62,0.0,232.0,0.91,Connected
40043,2025-09-12T10:00:00,0.74,7.2,0.0,234.1,0.88,Connected
40044,2025-09-12T10:00:00,0.63,4.21,1.1,233.9,0.92,Connected
40045,2025-09-12T10:00:00,0.74,4.32,1.04,229.0,0.98,Connected
40046,2025-09-12T10:00:00,0.61,4.62,1.12,229.0,0.91,Connected
40047,2025-09-12T10:00:00,0.68,6.97,0.0,231.1,1.0,Connected
40048,2025-09-12T10:00:00,0.62,4.38,1.08,232.3,0.93,Connected
40049,2025-09-12T10:00:00,0.68,4.72,1.07,234.8,0.91,Connected
40050,2025-09-12T10:00:00,0.7,7.23,0.0,233.9,0.89,Connected
40051,2025-09-12T10:00:00,0.68,4.55,0.99,231.2,0.96,Connected
40052,2025-09-12T10:00:00,0.73,7.36,0.0,226.9,0.87,Connected
40053,2025-09-12T10:00:00,0.62,7.1,0.0,227.2,0.91,Connected
40054,2025-09-12T10:00:00,0.64,6.78,0.0,232.9,1.0,Connected
40055,2025-09-12T10:00:00,0.68,4.37,0.91,226.7,0.9,Connected
40056,2025-09-12T10:00:00,0.71,6.6,0.0,223.0,0.92,Connected
40057,2025-09-12T10:00:00,0.74,7.03,0.0,225.5,0.93,Connected
40058,2025-09-12T10:00:00,0.77,7.15,0.0,230.2,0.93,Connected
40059,2025-09-12T10:00:00,0.76,4.68,0.96,231.4,0.97,Connected
10000,2025-09-12T11:00:00,2.63,29.99,0.0,229.5,0.92,Connected
10001,2025-09-12T11:00:00,2.67,30.59,0.0,232.0,1.0,Connected
10002,2025-09-12T11:00:00,2.66,29.36,0.0,226.9,0.99,Connected
10003,2025-09-12T11:00:00,2.37,31.77,0.0,228.0,0.99,Connected
10004,2025-09-12T11:00:00,2.51,29.58,0.0,229.9,0.95,Connected
10005,2025-09-12T11:00:00,2.73,31.82,0.0,226.3,0.99,Connected
10006,2025-09-12T11:00:00,2.61,16.06,12.63,225.8,0.95,Connected
10007,2025-09-12T11:00:00,2.63,30.34,0.0,233.6,0.89,Connected
10008,2025-09-12T11:00:00,2.36,16.54,12.33,229.2,0.89,Connected
10009,2025-09-12T11:00:00,2.91,29.2,0.0,232.5,0.95,Connected
10010,2025-09-12T11:00:00,2.83,16.79,11.58,227.1,0.95,Connected
10011,2025-09-12T11:00:00,2.82,31.25,0.0,232.3,0.99,Connected
20012,2025-09-12T11:00:00,0.58,7.58,0.0,232.2,0.87,Connected
20013,2025-09-12T11:00:00,0.63,7.59,0.0,228.7,0.88,Connected
20014,2025-09-12T11:00:00,0.67,7.6,0.0,225.9,0.94,Connected
20015,2025-09-12T11:00:00,0.71,7.9,0.0,229.0,0.96,Connected
20016,2025-09-12T11:00:00,0.66,7.79,0.0,228.9,0.86,Connected
20017,2025-09-12T11:00:00,0.7,7.81,0.0,228.7,0.89,Connected
20018,2025-09-12T11:00:00,0.62,4.7,2.0,226.1,1.0,Connected
20019,2025-09-12T11:00:00,0.62,7.7,0.0,230.2,0.95,Connected
20020,2025-09-12T11:00:00,0.63,4.58,1.85,235.3,0.92,Connected
20021,2025-09-12T11:00:00,0.61,7.86,0.0,235.8,0.99,Connected
20022,2025-09-12T11:00:00,0.7,8.03,0.0,233.9,0.9,Connected
20023,2025-09-12T11:00:00,0.65,7.52,0.0,231.7,0.98,Connected
20024,2025-09-12T11:00:00,0.61,7.87,0.0,233.4,0.86,Connected
20025,2025-09-12T11:00:00,0.64,4.57,2.06,229.7,0.93,Connected
20026,2025-09-12T11:00:00,0.63,7.74,0.0,226.1,0.88,Connected
20027,2025-09-12T11:00:00,0.68,4.53,1.77,230.6,0.94,Connected
20028,2025-09-12T11:00:00,0.66,8.18,0.0,231.9,0.87,Connected
30029,2025-09-12T11:00:00,1.3,8.4,6.45,238.2,0.91,Connected
30030,2025-09-12T11:00:00,1.47,16.08,0.0,228.6,0.94,Connected
30031,2025-09-12T11:00:00,1.3,15.96,0.0,234.2,0.87,Connected
30032,2025-09-12T11:00:00,1.42,15.46,0.0,235.0,0.87,Connected
30033,2025-09-12T11:00:00,1.4,16.01,0.0,223.4,0.91,Connected
30034,2025-09-12T11:00:00,1.33,16.08,0.0,230.9,0.91,Connected
30035,2025-09-12T11:00:00,1.46,7.99,6.5,229.0,0.92,Connected
30036,2025-09-12T11:00:00,1.43,15.73,0.0,225.3,0.93,Connected
30037,2025-09-12T11:00:00,1.49,15.42,0.0,232.8,0.98,Connected
30038,2025-09-12T11:00:00,1.22,15.57,0.0,230.2,0.92,Connected
30039,2025-09-12T11:00:00,1.33,15.04,0.0,229.0,0.91,Connected
30040,2025-09-12T11:00:00,1.3,15.01,0.0,230.3,0.89,Connected
30041,2025-09-12T11:00:00,1.23,8.29,6.87,224.9,0.9,Connected
30042,2025-09-12T11:00:00,1.33,15.96,0.0,230.9,0.89,Connected
40043,2025-09-12T11:00:00,0.67,7.87,0.0,220.1,0.85,Connected
40044,2025-09-12T11:00:00,0.57,4.21,2.13,226.1,0.91,Connected
40045,2025-09-12T11:00:00,0.63,4.32,2.02,227.4,0.85,Connected
40046,2025-09-12T11:00:00,0.61,4.62,2.11,229.6,0.9,Connected
40047,2025-09-12T11:00:00,0.6,7.57,0.0,224.3,0.88,Connected
40048,2025-09-12T11:00:00,0.67,4.38,2.02,230.8,0.99,Connected
40049,2025-09-12T11:00:00,0.7,4.72,1.98,227.1,0.94,Connected
40050,2025-09-12T11:00:00,0.68,7.91,0.0,230.6,0.9,Connected
40051,2025-09-12T11:00:00,0.62,4.55,1.98,229.8,0.97,Connected
40052,2025-09-12T11:00:00,0.59,7.95,0.0,228.0,0.86,Connected
40053,2025-09-12T11:00:00,0.69,7.78,0.0,223.1,0.98,Connected
40054,2025-09-12T11:00:00,0.67,7.45,0.0,226.2,0.99,Connected
40055,2025-09-12T11:00:00,0.71,4.37,1.81,232.5,0.92,Connected
40056,2025-09-12T11:00:00,0.72,7.32,0.0,227.0,0.9,Connected
40057,2025-09-12T11:00:00,0.69,7.73,0.0,229.8,0.86,Connected
40058,2025-09-12T11:00:00,0.65,7.8,0.0,227.7,0.99,Connected
40059,2025-09-12T11:00:00,0.73,4.68,1.84,228.3,0.89,Connected
10000,2025-09-12T12:00:00,2.97,32.96,0.0,226.4,0.99,Connected
10001,2025-09-12T12:00:00,2.96,33.54,0.0,228.9,0.9,Connected
10002,2025-09-12T12:00:00,2.72,32.09,0.0,227.4,0.86,Connected
10003,2025-09-12T12:00:00,2.51,34.28,0.0,230.9,0.95,Connected
10004,2025-09-12T12:00:00,3.28,32.86,0.0,228.9,0.93,Connected
10005,2025-09-12T12:00:00,3.12,34.94,0.0,232.5,0.9,Connected
10006,2025-09-12T12:00:00,2.52,16.06,18.68,236.8,0.95,Connected
10007,2025-09-12T12:00:00,3.05,33.39,0.0,232.5,0.9,Connected
10008,2025-09-12T12:00:00,2.73,16.54,18.18,225.1,0.98,Connected
10009,2025-09-12T12:00:00,2.99,32.18,0.0,228.7,0.94,Connected
10010,2025-09-12T12:00:00,2.91,16.79,17.26,235.2,0.91,Connected
10011,2025-09-12T12:00:00,3.34,34.58,0.0,224.0,0.94,Connected
20012,2025-09-12T12:00:00,0.8,8.38,0.0,226.6,0.95,Connected
20013,2025-09-12T12:00:00,0.71,8.3,0.0,227.4,0.85,Connected
20014,2025-09-12T12:00:00,0.81,8.41,0.0,229.2,0.96,Connected
20015,2025-09-12T12:00:00,0.7,8.6,0.0,220.7,0.99,Connected
20016,2025-09-12T12:00:00,0.83,8.62,0.0,230.6,0.88,Connected
20017,2025-09-12T12:00:00,0.78,8.58,0.0,228.1,0.85,Connected
20018,2025-09-12T12:00:00,0.67,4.7,3.05,232.7,0.85,Connected
20019,2025-09-12T12:00:00,0.63,8.34,0.0,226.6,0.99,Connected
20020,2025-09-12T12:00:00,0.79,4.58,2.77,238.3,0.89,Connected
20021,2025-09-12T12:00:00,0.8,8.66,0.0,230.1,0.93,Connected
20022,2025-09-12T12:00:00,0.68,8.71,0.0,229.8,0.91,Connected
20023,2025-09-12T12:00:00,0.72,8.24,0.0,228.2,0.87,Connected
20024,2025-09-12T12:00:00,0.71,8.58,0.0,230.8,0.97,Connected
20025,2025-09-12T12:00:00,0.67,4.57,3.11,226.8,0.93,Connected
20026,2025-09-12T12:00:00,0.66,8.4,0.0,232.7,0.94,Connected
20027,2025-09-12T12:00:00,0.84,4.53,2.65,228.3,1.0,Connected
20028,2025-09-12T12:00:00,0.66,8.84,0.0,228.0,0.92,Connected
30029,2025-09-12T12:00:00,1.33,8.4,9.7,226.6,0.98,Connected
30030,2025-09-12T12:00:00,1.59,17.67,0.0,229.8,0.93,Connected
30031,2025-09-12T12:00:00,1.55,17.51,0.0,226.5,0.91,Connected
30032,2025-09-12T12:00:00,1.39,16.85,0.0,228.9,0.86,Connected
30033,2025-09-12T12:00:00,1.27,17.28,0.0,231.0,0.91,Connected
30034,2025-09-12T12:00:00,1.65,17.73,0.0,239.8,0.86,Connected
30035,2025-09-12T12:00:00,1.42,7.99,9.66,232.7,0.89,Connected
30036,2025-09-12T12:00:00,1.42,17.15,0.0,231.8,0.95,Connected
30037,2025-09-12T12:00:00,1.7,17.12,0.0,230.2,0.89,Connected
30038,2025-09-12T12:00:00,1.41,16.98,0.0,227.2,0.91,Connected
30039,2025-09-12T12:00:00,1.37,16.41,0.0,229.7,0.91,Connected
30040,2025-09-12T12:00:00,1.46,16.47,0.0,231.7,0.9,Connected
30041,2025-09-12T12:00:00,1.55,8.29,9.9,226.0,0.91,Connected
30042,2025-09-12T12:00:00,1.3,17.26,0.0,233.3,0.96,Connected
40043,2025-09-12T12:00:00,0.8,8.66,0.0,225.5,0.86,Connected
40044,2025-09-12T12:00:00,0.82,4.21,3.02,225.2,0.95,Connected
40045,2025-09-12T12:00:00,0.8,4.32,2.93,233.1,0.92,Connected
40046,2025-09-12T12:00:00,0.75,4.62,3.08,230.0,0.92,Connected
40047,2025-09-12T12:00:00,0.63,8.2,0.0,227.9,0.98,Connected
40048,2025-09-12T12:00:00,0.71,4.38,3.02,228.6,0.89,Connected
40049,2025-09-12T12:00:00,0.72,4.72,2.97,225.7,0.98,Connected
40050,2025-09-12T12:00:00,0.79,8.7,0.0,228.2,0.99,Connected
40051,2025-09-12T12:00:00,0.66,4.55,3.03,225.0,0.98,Connected
40052,2025-09-12T12:00:00,0.75,8.7,0.0,223.6,0.94,Connected
40053,2025-09-12T12:00:00,0.64,8.43,0.0,234.5,0.92,Connected
40054,2025-09-12T12:00:00,0.73,8.18,0.0,228.9,0.9,Connected
40055,2025-09-12T12:00:00,0.69,4.37,2.83,229.4,0.88,Connected
40056,2025-09-12T12:00:00,0.84,8.16,0.0,232.4,0.9,Connected
40057,2025-09-12T12:00:00,0.83,8.55,0.0,227.4,0.99,Connected
40058,2025-09-12T12:00:00,0.82,8.62,0.0,229.3,0.99,Connected
40059,2025-09-12T12:00:00,0.79,4.68,2.76,228.4,0.9,Connected
10000,2025-09-12T13:00:00,2.91,35.86,0.0,229.8,0.88,Connected
10001,2025-09-12T13:00:00,2.72,36.27,0.0,237.3,0.86,Connected
10002,2025-09-12T13:00:00,2.62,34.7,0.0,230.9,0.99,Connected
10003,2025-09-12T13:00:00,2.53,36.81,0.0,224.1,0.91,Connected
10004,2025-09-12T13:00:00,2.53,35.39,0.0,230.0,0.93,Connected
10005,2025-09-12T13:00:00,2.62,37.56,0.0,229.6,0.89,Connected
10006,2025-09-12T13:00:00,3.14,16.06,23.61,229.7,1.0,Connected
10007,2025-09-12T13:00:00,2.52,35.9,0.0,226.3,0.95,Connected
10008,2025-09-12T13:00:00,2.96,16.54,23.29,224.4,0.9,Connected
10009,2025-09-12T13:00:00,2.98,35.16,0.0,229.8,0.97,Connected
10010,2025-09-12T13:00:00,3.12,16.79,22.2,221.6,0.92,Connected
10011,2025-09-12T13:00:00,2.62,37.21,0.0,231.6,0.93,Connected
20012,2025-09-12T13:00:00,0.71,9.09,0.0,233.8,0.88,Connected
20013,2025-09-12T13:00:00,0.71,9.01,0.0,224.3,0.91,Connected
20014,2025-09-12T13:00:00,0.79,9.2,0.0,235.6,0.94,Connected
20015,2025-09-12T13:00:00,0.67,9.27,0.0,229.6,0.9,Connected
20016,2025-09-12T13:00:00,0.68,9.29,0.0,227.6,0.86,Connected
20017,2025-09-12T13:00:00,0.8,9.38,0.0,232.7,0.93,Connected
20018,2025-09-12T13:00:00,0.69,4.7,3.97,227.4,0.88,Connected
20019,2025-09-12T13:00:00,0.79,9.13,0.0,233.1,0.94,Connected
20020,2025-09-12T13:00:00,0.77,4.58,3.62,225.9,0.95,Connected
20021,2025-09-12T13:00:00,0.61,9.27,0.0,229.0,0.92,Connected
20022,2025-09-12T13:00:00,0.74,9.45,0.0,236.3,0.86,Connected
20023,2025-09-12T13:00:00,0.63,8.87,0.0,231.6,0.9,Connected
20024,2025-09-12T13:00:00,0.73,9.3,0.0,228.2,0.93,Connected
20025,2025-09-12T13:00:00,0.61,4.57,4.12,223.0,0.86,Connected
20026,2025-09-12T13:00:00,0.63,9.03,0.0,229.4,0.98,Connected
20027,2025-09-12T13:00:00,0.7,4.53,3.56,231.9,0.97,Connected
20028,2025-09-12T13:00:00,0.7,9.54,0.0,233.9,0.99,Connected
30029,2025-09-12T13:00:00,1.32,8.4,12.68,231.0,0.95,Connected
30030,2025-09-12T13:00:00,1.41,19.08,0.0,226.4,0.98,Connected
30031,2025-09-12T13:00:00,1.6,19.11,0.0,225.8,0.97,Connected
30032,2025-09-12T13:00:00,1.53,18.38,0.0,230.8,0.98,Connected
30033,2025-09-12T13:00:00,1.2,18.48,0.0,232.2,0.96,Connected
30034,2025-09-12T13:00:00,1.31,19.04,0.0,232.0,0.97,Connected
30035,2025-09-12T13:00:00,1.53,7.99,12.43,228.9,0.91,Connected
30036,2025-09-12T13:00:00,1.48,18.63,0.0,229.5,0.95,Connected
30037,2025-09-12T13:00:00,1.3,18.42,0.0,227.7,0.97,Connected
30038,2025-09-12T13:00:00,1.37,18.35,0.0,233.5,0.88,Connected
30039,2025-09-12T13:00:00,1.61,18.02,0.0,233.0,0.92,Connected
30040,2025-09-12T13:00:00,1.21,17.68,0.0,229.9,0.94,Connected
30041,2025-09-12T13:00:00,1.27,8.29,12.93,231.7,0.87,Connected
30042,2025-09-12T13:00:00,1.47,18.73,0.0,229.2,0.89,Connected
40043,2025-09-12T13:00:00,0.72,9.38,0.0,232.9,0.87,Connected
40044,2025-09-12T13:00:00,0.73,4.21,3.91,229.0,0.88,Connected
40045,2025-09-12T13:00:00,0.61,4.32,3.93,235.1,0.98,Connected
40046,2025-09-12T13:00:00,0.6,4.62,4.09,226.9,0.88,Connected
40047,2025-09-12T13:00:00,0.6,8.8,0.0,233.9,0.93,Connected
40048,2025-09-12T13:00:00,0.64,4.38,4.0,234.4,0.87,Connected
40049,2025-09-12T13:00:00,0.6,4.72,3.98,229.6,0.95,Connected
40050,2025-09-12T13:00:00,0.73,9.43,0.0,231.3,0.97,Connected
40051,2025-09-12T13:00:00,0.65,4.55,3.99,230.2,0.99,Connected
40052,2025-09-12T13:00:00,0.62,9.32,0.0,230.4,0.9,Connected
40053,2025-09-12T13:00:00,0.64,9.07,0.0,229.6,0.92,Connected
40054,2025-09-12T13:00:00,0.8,8.98,0.0,231.3,0.9,Connected
40055,2025-09-12T13:00:00,0.72,4.37,3.73,235.1,0.92,Connected
40056,2025-09-12T13:00:00,0.72,8.87,0.0,227.9,0.97,Connected
40057,2025-09-12T13:00:00,0.7,9.25,0.0,230.7,1.0,Connected
40058,2025-09-12T13:00:00,0.75,9.38,0.0,231.7,0.94,Connected
40059,2025-09-12T13:00:00,0.81,4.68,3.57,232.8,1.0,Connected
10000,2025-09-12T14:00:00,2.8,38.66,0.0,229.2,0.98,Connected
10001,2025-09-12T14:00:00,2.68,38.94,0.0,236.0,0.95,Connected
10002,2025-09-12T14:00:00,2.27,36.97,0.0,231.8,0.95,Connected
10003,2025-09-12T14:00:00,2.44,39.25,0.0,233.9,0.88,Connected
10004,2025-09-12T14:00:00,2.36,37.75,0.0,229.8,0.95,Connected
10005,2025-09-12T14:00:00,2.37,39.92,0.0,234.0,0.92,Connected
10006,2025-09-12T14:00:00,2.37,16.06,28.08,227.6,0.99,Connected
10007,2025-09-12T14:00:00,2.73,38.63,0.0,226.2,0.86,Connected
10008,2025-09-12T14:00:00,2.44,16.54,27.68,229.8,0.95,Connected
10009,2025-09-12T14:00:00,2.45,37.61,0.0,231.4,0.88,Connected
10010,2025-09-12T14:00:00,2.67,16.79,26.37,229.1,0.99,Connected
10011,2025-09-12T14:00:00,2.63,39.84,0.0,227.5,0.87,Connected
20012,2025-09-12T14:00:00,0.57,9.66,0.0,231.5,0.87,Connected
20013,2025-09-12T14:00:00,0.63,9.65,0.0,235.9,1.0,Connected
20014,2025-09-12T14:00:00,0.65,9.85,0.0,229.0,0.93,Connected
20015,2025-09-12T14:00:00,0.63,9.89,0.0,229.8,0.9,Connected
20016,2025-09-12T14:00:00,0.65,9.94,0.0,229.0,0.9,Connected
20017,2025-09-12T14:00:00,0.63,10.01,0.0,233.0,0.95,Connected
20018,2025-09-12T14:00:00,0.61,4.7,4.72,236.0,0.89,Connected
20019,2025-09-12T14:00:00,0.73,9.87,0.0,231.5,1.0,Connected
20020,2025-09-12T14:00:00,0.58,4.58,4.4,233.1,0.85,Connected
20021,2025-09-12T14:00:00,0.73,10.01,0.0,224.9,0.92,Connected
20022,2025-09-12T14:00:00,0.76,10.21,0.0,230.5,0.95,Connected
20023,2025-09-12T14:00:00,0.71,9.58,0.0,232.1,0.85,Connected
20024,2025-09-12T14:00:00,0.61,9.91,0.0,225.5,0.87,Connected
20025,2025-09-12T14:00:00,0.7,4.57,4.79,222.4,0.85,Connected
20026,2025-09-12T14:00:00,0.63,9.66,0.0,225.6,0.93,Connected
20027,2025-09-12T14:00:00,0.58,4.53,4.35,234.4,0.94,Connected
20028,2025-09-12T14:00:00,0.73,10.27,0.0,230.8,0.95,Connected
30029,2025-09-12T14:00:00,1.46,8.4,14.86,225.0,0.96,Connected
30030,2025-09-12T14:00:00,1.14,20.21,0.0,231.3,0.86,Connected
30031,2025-09-12T14:00:00,1.53,20.63,0.0,230.0,0.92,Connected
30032,2025-09-12T14:00:00,1.14,19.52,0.0,231.8,0.9,Connected
30033,2025-09-12T14:00:00,1.48,19.96,0.0,232.8,1.0,Connected
30034,2025-09-12T14:00:00,1.21,20.25,0.0,229.3,0.92,Connected
30035,2025-09-12T14:00:00,1.26,7.99,14.82,228.0,0.97,Connected
30036,2025-09-12T14:00:00,1.45,20.08,0.0,230.5,0.86,Connected
30037,2025-09-12T14:00:00,1.45,19.87,0.0,225.1,0.99,Connected
30038,2025-09-12T14:00:00,1.4,19.75,0.0,230.4,0.87,Connected
30039,2025-09-12T14:00:00,1.16,19.18,0.0,223.0,0.95,Connected
30040,2025-09-12T14:00:00,1.41,19.09,0.0,232.5,0.89,Connected
30041,2025-09-12T14:00:00,1.37,8.29,15.21,234.3,0.99,Connected
30042,2025-09-12T14:00:00,1.44,20.17,0.0,232.1,0.95,Connected
40043,2025-09-12T14:00:00,0.73,10.11,0.0,230.7,0.98,Connected
40044,2025-09-12T14:00:00,0.71,4.21,4.57,224.3,0.92,Connected
40045,2025-09-12T14:00:00,0.74,4.32,4.56,222.2,0.89,Connected
40046,2025-09-12T14:00:00,0.64,4.62,4.82,224.4,0.96,Connected
40047,2025-09-12T14:00:00,0.7,9.5,0.0,233.7,1.0,Connected
40048,2025-09-12T14:00:00,0.68,4.38,4.69,226.9,0.91,Connected
40049,2025-09-12T14:00:00,0.6,4.72,4.75,225.4,0.94,Connected
40050,2025-09-12T14:00:00,0.72,10.15,0.0,235.7,0.87,Connected
40051,2025-09-12T14:00:00,0.73,4.55,4.63,231.6,0.9,Connected
40052,2025-09-12T14:00:00,0.61,9.92,0.0,232.5,0.97,Connected
40053,2025-09-12T14:00:00,0.57,9.64,0.0,239.4,0.93,Connected
40054,2025-09-12T14:00:00,0.68,9.66,0.0,233.6,0.87,Connected
40055,2025-09-12T14:00:00,0.66,4.37,4.44,224.4,0.92,Connected
40056,2025-09-12T14:00:00,0.61,9.49,0.0,231.1,0.93,Connected
40057,2025-09-12T14:00:00,0.62,9.87,0.0,232.6,0.87,Connected
40058,2025-09-12T14:00:00,0.75,10.12,0.0,226.4,0.87,Connected
40059,2025-09-12T14:00:00,0.57,4.68,4.37,231.4,0.97,Connected
10000,2025-09-12T15:00:00,2.67,41.33,0.0,226.2,0.96,Connected
10001,2025-09-12T15:00:00,3.02,41.97,0.0,230.3,0.86,Connected
10002,2025-09-12T15:00:00,2.66,39.63,0.0,226.4,0.87,Connected
10003,2025-09-12T15:00:00,2.47,41.73,0.0,230.4,0.86,Connected
10004,2025-09-12T15:00:00,3.25,41.0,0.0,228.1,0.94,Connected
10005,2025-09-12T15:00:00,2.66,42.59,0.0,228.7,0.97,Connected
10006,2025-09-12T15:00:00,2.68,16.06,30.47,232.5,0.99,Connected
10007,2025-09-12T15:00:00,3.05,41.67,0.0,230.7,0.92,Connected
10008,2025-09-12T15:00:00,2.73,16.54,30.02,227.0,0.93,Connected
10009,2025-09-12T15:00:00,2.75,40.36,0.0,229.8,0.87,Connected
10010,2025-09-12T15:00:00,2.88,16.79,28.56,236.0,0.98,Connected
10011,2025-09-12T15:00:00,2.67,42.51,0.0,226.2,0.98,Connected
20012,2025-09-12T15:00:00,0.7,10.36,0.0,235.9,0.96,Connected
20013,2025-09-12T15:00:00,0.65,10.3,0.0,232.4,0.98,Connected
20014,2025-09-12T15:00:00,0.73,10.58,0.0,224.1,0.92,Connected
20015,2025-09-12T15:00:00,0.81,10.71,0.0,232.2,0.91,Connected
20016,2025-09-12T15:00:00,0.71,10.65,0.0,235.6,0.91,Connected
20017,2025-09-12T15:00:00,0.68,10.69,0.0,226.0,0.95,Connected
20018,2025-09-12T15:00:00,0.75,4.7,4.99,224.8,0.85,Connected
20019,2025-09-12T15:00:00,0.76,10.63,0.0,229.3,0.96,Connected
20020,2025-09-12T15:00:00,0.66,4.58,4.76,238.3,0.94,Connected
20021,2025-09-12T15:00:00,0.66,10.66,0.0,225.9,0.88,Connected
20022,2025-09-12T15:00:00,0.73,10.94,0.0,232.5,0.99,Connected
20023,2025-09-12T15:00:00,0.62,10.2,0.0,228.0,0.85,Connected
20024,2025-09-12T15:00:00,0.72,10.63,0.0,231.3,0.9,Connected
20025,2025-09-12T15:00:00,0.8,4.57,5.0,223.2,0.99,Connected
20026,2025-09-12T15:00:00,0.76,10.41,0.0,238.3,0.94,Connected
20027,2025-09-12T15:00:00,0.76,4.53,4.6,230.6,0.9,Connected
20028,2025-09-12T15:00:00,0.73,11.0,0.0,232.9,0.93,Connected
30029,2025-09-12T15:00:00,1.29,8.4,16.28,226.7,0.89,Connected
30030,2025-09-12T15:00:00,1.43,21.64,0.0,232.6,0.88,Connected
30031,2025-09-12T15:00:00,1.63,22.27,0.0,229.0,0.89,Connected
30032,2025-09-12T15:00:00,1.41,20.93,0.0,231.4,0.93,Connected
30033,2025-09-12T15:00:00,1.33,21.29,0.0,230.6,0.97,Connected
30034,2025-09-12T15:00:00,1.47,21.72,0.0,226.8,0.99,Connected
30035,2025-09-12T15:00:00,1.28,7.99,16.25,225.2,0.96,Connected
30036,2025-09-12T15:00:00,1.28,21.36,0.0,229.9,0.87,Connected
30037,2025-09-12T15:00:00,1.58,21.45,0.0,231.8,0.97,Connected
30038,2025-09-12T15:00:00,1.47,21.21,0.0,229.9,0.86,Connected
30039,2025-09-12T15:00:00,1.32,20.49,0.0,225.3,0.92,Connected
30040,2025-09-12T15:00:00,1.31,20.4,0.0,228.0,0.95,Connected
30041,2025-09-12T15:00:00,1.4,8.29,16.52,234.1,0.92,Connected
30042,2025-09-12T15:00:00,1.25,21.42,0.0,233.4,0.99,Connected
40043,2025-09-12T15:00:00,0.75,10.87,0.0,227.2,0.85,Connected
40044,2025-09-12T15:00:00,0.75,4.21,4.83,228.0,1.0,Connected
40045,2025-09-12T15:00:00,0.76,4.32,4.82,233.7,0.93,Connected
40046,2025-09-12T15:00:00,0.83,4.62,5.01,229.4,0.91,Connected
40047,2025-09-12T15:00:00,0.66,10.16,0.0,230.5,0.91,Connected
40048,2025-09-12T15:00:00,0.82,4.38,4.88,227.1,0.93,Connected
40049,2025-09-12T15:00:00,0.7,4.72,5.06,229.6,0.97,Connected
40050,2025-09-12T15:00:00,0.81,10.96,0.0,230.6,0.87,Connected
40051,2025-09-12T15:00:00,0.83,4.55,4.82,224.7,0.97,Connected
40052,2025-09-12T15:00:00,0.68,10.6,0.0,235.2,0.98,Connected
40053,2025-09-12T15:00:00,0.76,10.39,0.0,230.1,0.93,Connected
40054,2025-09-12T15:00:00,0.73,10.39,0.0,230.6,0.92,Connected
40055,2025-09-12T15:00:00,0.63,4.37,4.82,228.1,0.93,Connected
40056,2025-09-12T15:00:00,0.63,10.12,0.0,229.4,0.98,Connected
40057,2025-09-12T15:00:00,0.75,10.62,0.0,224.5,0.94,Connected
40058,2025-09-12T15:00:00,0.71,10.83,0.0,227.5,0.97,Connected
40059,2025-09-12T15:00:00,0.71,4.68,4.67,228.1,0.93,Connected
10000,2025-09-12T16:00:00,3.8,45.13,0.0,232.2,0.89,Disconnected
10001,2025-09-12T16:00:00,3.06,45.02,0.0,225.0,0.86,Connected
10002,2025-09-12T16:00:00,3.01,42.64,0.0,224.2,0.92,Connected
10003,2025-09-12T16:00:00,3.3,45.03,0.0,231.0,0.92,Connected
10004,2025-09-12T16:00:00,3.07,44.07,0.0,228.4,0.87,Connected
10005,2025-09-12T16:00:00,3.69,46.28,0.0,229.2,1.0,Connected
10006,2025-09-12T16:00:00,3.18,16.08,30.47,234.5,0.97,Connected
10007,2025-09-12T16:00:00,3.62,45.29,0.0,229.1,0.89,Connected
10008,2025-09-12T16:00:00,3.86,17.24,30.02,239.2,0.95,Connected
10009,2025-09-12T16:00:00,3.42,43.78,0.0,230.2,0.9,Connected
10010,2025-09-12T16:00:00,3.35,16.98,28.56,236.3,0.9,Connected
10011,2025-09-12T16:00:00,3.66,46.17,0.0,233.8,0.87,Connected
20012,2025-09-12T16:00:00,0.86,11.22,0.0,236.3,0.95,Connected
20013,2025-09-12T16:00:00,0.98,11.28,0.0,236.0,0.95,Connected
20014,2025-09-12T16:00:00,0.95,11.53,0.0,231.5,0.88,Connected
20015,2025-09-12T16:00:00,0.99,11.7,0.0,232.7,0.94,Connected
20016,2025-09-12T16:00:00,1.0,11.65,0.0,226.3,0.89,Connected
20017,2025-09-12T16:00:00,0.77,11.47,0.0,229.5,0.88,Connected
20018,2025-09-12T16:00:00,0.75,4.82,4.99,231.4,0.89,Connected
20019,2025-09-12T16:00:00,0.75,11.38,0.0,234.1,0.95,Connected
20020,2025-09-12T16:00:00,0.82,4.76,4.76,234.3,0.88,Connected
20021,2025-09-12T16:00:00,0.75,11.41,0.0,233.2,0.93,Connected
20022,2025-09-12T16:00:00,0.98,11.92,0.0,231.0,0.98,Connected
20023,2025-09-12T16:00:00,0.87,11.07,0.0,232.8,0.92,Connected
20024,2025-09-12T16:00:00,0.79,11.42,0.0,229.1,0.85,Connected
20025,2025-09-12T16:00:00,0.84,4.78,5.0,230.0,0.89,Connected
20026,2025-09-12T16:00:00,0.85,11.27,0.0,226.4,0.96,Connected
20027,2025-09-12T16:00:00,0.89,4.79,4.6,227.0,0.95,Connected
20028,2025-09-12T16:00:00,0.76,11.76,0.0,232.2,0.86,Connected
30029,2025-09-12T16:00:00,1.75,8.47,16.28,226.3,0.99,Connected
30030,2025-09-12T16:00:00,1.73,23.38,0.0,236.4,0.97,Connected
30031,2025-09-12T16:00:00,1.71,23.98,0.0,225.1,0.96,Connected
30032,2025-09-12T16:00:00,1.73,22.66,0.0,228.7,0.93,Connected
30033,2025-09-12T16:00:00,1.63,22.92,0.0,225.7,0.89,Connected
30034,2025-09-12T16:00:00,1.5,23.22,0.0,230.5,0.97,Connected
30035,2025-09-12T16:00:00,1.65,7.99,16.29,232.3,0.87,Connected
30036,2025-09-12T16:00:00,1.88,23.24,0.0,226.5,0.94,Connected
30037,2025-09-12T16:00:00,1.9,23.35,0.0,225.7,0.98,Connected
30038,2025-09-12T16:00:00,1.69,22.9,0.0,239.5,0.97,Connected
30039,2025-09-12T16:00:00,1.57,22.06,0.0,229.0,0.98,Connected
30040,2025-09-12T16:00:00,1.59,21.99,0.0,235.5,0.99,Connected
30041,2025-09-12T16:00:00,1.53,8.29,16.67,226.6,0.88,Connected
30042,2025-09-12T16:00:00,1.58,22.99,0.0,226.4,0.97,Connected
40043,2025-09-12T16:00:00,0.85,11.72,0.0,235.0,0.95,Connected
40044,2025-09-12T16:00:00,0.91,4.49,4.83,228.5,0.88,Connected
40045,2025-09-12T16:00:00,0.93,4.62,4.82,232.1,0.88,Connected
40046,2025-09-12T16:00:00,0.9,4.89,5.01,226.2,0.91,Connected
40047,2025-09-12T16:00:00,0.88,11.04,0.0,228.1,0.95,Connected
40048,2025-09-12T16:00:00,1.0,4.75,4.88,228.8,0.98,Connected
40049,2025-09-12T16:00:00,1.0,5.09,5.06,228.3,0.99,Connected
40050,2025-09-12T16:00:00,0.76,11.72,0.0,235.0,0.92,Connected
40051,2025-09-12T16:00:00,0.83,4.74,4.82,231.6,0.94,Connected
40052,2025-09-12T16:00:00,0.8,11.4,0.0,229.7,0.87,Connected
40053,2025-09-12T16:00:00,1.0,11.39,0.0,227.5,0.99,Connected
40054,2025-09-12T16:00:00,0.93,11.32,0.0,232.0,0.94,Connected
40055,2025-09-12T16:00:00,0.96,4.7,4.82,230.1,0.85,Connected
40056,2025-09-12T16:00:00,0.76,10.88,0.0,230.0,0.92,Connected
40057,2025-09-12T16:00:00,1.0,11.62,0.0,228.5,0.97,Connected
40058,2025-09-12T16:00:00,0.82,11.65,0.0,227.2,0.92,Connected
40059,2025-09-12T16:00:00,0.86,4.91,4.67,226.7,0.91,Connected
10000,2025-09-12T17:00:00,4.78,49.9,0.0,237.9,0.97,Connected
10001,2025-09-12T17:00:00,4.58,49.6,0.0,228.8,0.92,Connected
10002,2025-09-12T17:00:00,5.14,47.78,0.0,230.2,0.98,Connected
10003,2025-09-12T17:00:00,4.35,49.39,0.0,230.5,0.94,Connected
10004,2025-09-12T17:00:00,4.42,48.48,0.0,226.5,0.99,Connected
10005,2025-09-12T17:00:00,4.57,50.84,0.0,225.9,0.92,Connected
10006,2025-09-12T17:00:00,4.6,19.3,30.47,238.0,0.85,Connected
10007,2025-09-12T17:00:00,4.04,49.33,0.0,225.5,0.92,Connected
10008,2025-09-12T17:00:00,4.0,19.86,30.02,225.3,0.9,Connected
10009,2025-09-12T17:00:00,4.43,48.22,0.0,227.5,0.87,Connected
10010,2025-09-12T17:00:00,5.18,20.78,28.56,227.1,0.97,Connected
10011,2025-09-12T17:00:00,4.93,51.1,0.0,226.7,0.91,Connected
20012,2025-09-12T17:00:00,1.1,12.32,0.0,237.3,0.86,Connected
20013,2025-09-12T17:00:00,1.28,12.56,0.0,233.1,0.9,Connected
20014,2025-09-12T17:00:00,0.99,12.52,0.0,232.2,0.95,Connected
20015,2025-09-12T17:00:00,1.3,13.0,0.0,233.1,0.97,Connected
20016,2025-09-12T17:00:00,1.33,12.98,0.0,233.8,0.9,Connected
20017,2025-09-12T17:00:00,1.06,12.52,0.0,231.1,1.0,Connected
20018,2025-09-12T17:00:00,1.1,5.65,4.99,235.7,0.85,Connected
20019,2025-09-12T17:00:00,1.06,12.44,0.0,230.0,0.89,Connected
20020,2025-09-12T17:00:00,1.06,5.54,4.76,229.8,0.9,Connected
20021,2025-09-12T17:00:00,1.02,12.44,0.0,230.3,0.86,Connected
20022,2025-09-12T17:00:00,1.01,12.94,0.0,232.5,0.91,Connected
20023,2025-09-12T17:00:00,1.27,12.34,0.0,228.9,0.88,Connected
20024,2025-09-12T17:00:00,1.11,12.53,0.0,236.7,0.92,Connected
20025,2025-09-12T17:00:00,1.01,5.52,5.0,225.9,0.99,Connected
20026,2025-09-12T17:00:00,1.07,12.34,0.0,231.1,0.92,Connected
20027,2025-09-12T17:00:00,1.18,5.7,4.6,228.3,0.89,Connected
20028,2025-09-12T17:00:00,1.07,12.83,0.0,231.7,0.97,Connected
30029,2025-09-12T17:00:00,2.33,10.06,16.28,230.2,0.95,Connected
30030,2025-09-12T17:00:00,2.1,25.48,0.0,225.1,0.96,Connected
30031,2025-09-12T17:00:00,2.39,26.37,0.0,233.2,0.89,Connected
30032,2025-09-12T17:00:00,2.42,25.07,0.0,231.1,0.94,Connected
30033,2025-09-12T17:00:00,2.34,25.26,0.0,226.8,0.96,Connected
30034,2025-09-12T17:00:00,2.52,25.74,0.0,228.3,0.87,Connected
30035,2025-09-12T17:00:00,2.59,9.84,16.29,233.8,0.85,Connected
30036,2025-09-12T17:00:00,2.35,25.59,0.0,227.1,0.95,Connected
30037,2025-09-12T17:00:00,2.39,25.74,0.0,225.5,0.87,Connected
30038,2025-09-12T17:00:00,2.17,25.06,0.0,234.2,1.0,Connected
30039,2025-09-12T17:00:00,2.5,24.56,0.0,230.1,0.94,Connected
30040,2025-09-12T17:00:00,2.35,24.35,0.0,235.1,0.89,Connected
30041,2025-09-12T17:00:00,2.44,9.99,16.67,229.6,0.99,Connected
30042,2025-09-12T17:00:00,2.38,25.37,0.0,225.8,0.9,Connected
40043,2025-09-12T17:00:00,1.03,12.75,0.0,230.9,1.0,Connected
40044,2025-09-12T17:00:00,1.14,5.35,4.83,227.7,0.94,Connected
40045,2025-09-12T17:00:00,1.29,5.63,4.82,228.1,0.87,Connected
40046,2025-09-12T17:00:00,1.28,5.9,5.01,231.3,0.88,Connected
40047,2025-09-12T17:00:00,1.01,12.05,0.0,224.3,0.96,Connected
40048,2025-09-12T17:00:00,1.06,5.53,4.88,228.6,0.95,Connected
40049,2025-09-12T17:00:00,1.01,5.82,5.06,230.5,0.94,Connected
40050,2025-09-12T17:00:00,1.05,12.77,0.0,232.3,0.85,Connected
40051,2025-09-12T17:00:00,1.25,5.71,4.82,228.5,0.88,Connected
40052,2025-09-12T17:00:00,1.14,12.53,0.0,235.6,0.9,Connected
40053,2025-09-12T17:00:00,0.99,12.38,0.0,233.2,0.9,Connected
40054,2025-09-12T17:00:00,1.16,12.48,0.0,228.7,0.85,Connected
40055,2025-09-12T17:00:00,1.13,5.56,4.82,229.3,0.96,Connected
40056,2025-09-12T17:00:00,1.19,12.07,0.0,229.9,0.88,Connected
40057,2025-09-12T17:00:00,1.33,12.95,0.0,227.5,1.0,Connected
40058,2025-09-12T17:00:00,1.21,12.86,0.0,229.2,0.89,Connected
40059,2025-09-12T17:00:00,1.12,5.75,4.67,233.2,0.92,Connected
10000,2025-09-12T18:00:00,7.12,57.03,0.0,235.7,0.89,Connected
10001,2025-09-12T18:00:00,5.56,55.17,0.0,233.4,0.9,Connected
10002,2025-09-12T18:00:00,6.18,53.96,0.0,227.2,0.88,Connected
10003,2025-09-12T18:00:00,7.35,56.74,0.0,235.0,0.98,Connected
10004,2025-09-12T18:00:00,6.99,55.48,0.0,231.5,0.94,Connected
10005,2025-09-12T18:00:00,6.79,57.63,0.0,224.0,0.94,Connected
10006,2025-09-12T18:00:00,6.97,26.01,30.47,231.4,0.94,Connected
10007,2025-09-12T18:00:00,7.4,56.73,0.0,233.1,0.98,Connected
10008,2025-09-12T18:00:00,6.3,25.9,30.02,226.2,0.86,Connected
10009,2025-09-12T18:00:00,7.28,55.5,0.0,229.4,0.91,Connected
10010,2025-09-12T18:00:00,7.21,27.73,28.56,222.2,1.0,Connected
10011,2025-09-12T18:00:00,6.63,57.72,0.0,229.3,0.99,Connected
20012,2025-09-12T18:00:00,1.57,13.88,0.0,234.2,0.93,Connected
20013,2025-09-12T18:00:00,1.68,14.24,0.0,235.9,0.98,Connected
20014,2025-09-12T18:00:00,1.66,14.18,0.0,227.0,1.0,Connected
20015,2025-09-12T18:00:00,1.63,14.63,0.0,231.0,0.86,Connected
20016,2025-09-12T18:00:00,1.41,14.39,0.0,227.6,0.91,Connected
20017,2025-09-12T18:00:00,1.5,14.02,0.0,230.4,0.92,Connected
20018,2025-09-12T18:00:00,1.51,7.11,4.99,229.7,0.98,Connected
20019,2025-09-12T18:00:00,1.49,13.93,0.0,228.4,0.97,Connected
20020,2025-09-12T18:00:00,1.57,7.06,4.76,232.2,0.99,Connected
20021,2025-09-12T18:00:00,1.6,14.04,0.0,230.0,0.94,Connected
20022,2025-09-12T18:00:00,1.46,14.4,0.0,233.2,0.9,Connected
20023,2025-09-12T18:00:00,1.53,13.87,0.0,226.2,0.92,Connected
20024,2025-09-12T18:00:00,1.81,14.34,0.0,228.1,0.88,Connected
20025,2025-09-12T18:00:00,1.64,7.11,5.0,239.7,0.93,Connected
20026,2025-09-12T18:00:00,1.62,13.95,0.0,230.5,0.92,Connected
20027,2025-09-12T18:00:00,1.83,7.47,4.6,227.4,0.89,Connected
20028,2025-09-12T18:00:00,1.62,14.45,0.0,229.5,0.99,Connected
30029,2025-09-12T18:00:00,3.59,13.51,16.28,234.2,0.98,Connected
30030,2025-09-12T18:00:00,3.12,28.6,0.0,233.3,0.98,Connected
30031,2025-09-12T18:00:00,3.03,29.4,0.0,233.0,0.97,Connected
30032,2025-09-12T18:00:00,3.33,28.4,0.0,230.4,0.89,Connected
30033,2025-09-12T18:00:00,3.11,28.37,0.0,225.8,0.95,Connected
30034,2025-09-12T18:00:00,3.56,29.3,0.0,230.3,0.89,Connected
30035,2025-09-12T18:00:00,3.4,13.1,16.29,228.2,0.98,Connected
30036,2025-09-12T18:00:00,2.84,28.42,0.0,231.0,0.93,Connected
30037,2025-09-12T18:00:00,2.81,28.56,0.0,230.5,0.99,Connected
30038,2025-09-12T18:00:00,3.12,28.18,0.0,230.8,0.88,Connected
30039,2025-09-12T18:00:00,3.22,27.77,0.0,224.8,0.97,Connected
30040,2025-09-12T18:00:00,3.41,27.76,0.0,231.2,0.94,Connected
30041,2025-09-12T18:00:00,3.73,13.58,16.67,229.7,0.94,Connected
30042,2025-09-12T18:00:00,2.91,28.28,0.0,228.0,0.9,Connected
40043,2025-09-12T18:00:00,1.48,14.23,0.0,229.3,0.88,Connected
40044,2025-09-12T18:00:00,1.64,6.93,4.83,232.6,0.96,Connected
40045,2025-09-12T18:00:00,1.88,7.46,4.82,228.3,0.99,Connected
40046,2025-09-12T18:00:00,1.57,7.42,5.01,226.1,0.94,Connected
40047,2025-09-12T18:00:00,1.46,13.51,0.0,230.6,0.95,Connected
40048,2025-09-12T18:00:00,1.59,7.07,4.88,229.7,0.94,Connected
40049,2025-09-12T18:00:00,1.49,7.26,5.06,232.6,0.9,Connected
40050,2025-09-12T18:00:00,1.75,14.52,0.0,228.1,0.9,Connected
40051,2025-09-12T18:00:00,1.88,7.54,4.82,229.5,0.92,Connected
40052,2025-09-12T18:00:00,1.51,14.04,0.0,229.7,0.91,Connected
40053,2025-09-12T18:00:00,1.66,14.04,0.0,231.9,0.9,Connected
40054,2025-09-12T18:00:00,1.52,14.0,0.0,230.3,1.0,Connected
40055,2025-09-12T18:00:00,1.47,6.98,4.82,227.8,0.85,Connected
40056,2025-09-12T18:00:00,1.41,13.48,0.0,228.0,0.91,Connected
40057,2025-09-12T18:00:00,1.4,14.34,0.0,226.4,0.96,Connected
40058,2025-09-12T18:00:00,1.41,14.27,0.0,228.7,0.88,Connected
40059,2025-09-12T18:00:00,1.78,7.48,4.67,236.6,1.0,Connected
10000,2025-09-12T19:00:00,6.81,63.84,0.0,230.3,0.87,Connected
10001,2025-09-12T19:00:00,8.54,63.7,0.0,230.4,0.96,Connected
10002,2025-09-12T19:00:00,7.27,61.23,0.0,228.0,0.86,Connected
10003,2025-09-12T19:00:00,7.05,63.79,0.0,229.4,0.86,Connected
10004,2025-09-12T19:00:00,8.57,64.04,0.0,226.3,0.93,Connected
10005,2025-09-12T19:00:00,7.3,64.93,0.0,230.6,0.99,Connected
10006,2025-09-12T19:00:00,7.0,33.0,30.47,222.3,0.9,Connected
10007,2025-09-12T19:00:00,7.5,64.23,0.0,225.9,0.95,Connected
10008,2025-09-12T19:00:00,7.26,33.16,30.02,228.7,1.0,Connected
10009,2025-09-12T19:00:00,7.65,63.15,0.0,228.0,0.97,Connected
10010,2025-09-12T19:00:00,7.95,35.69,28.56,229.3,0.9,Connected
10011,2025-09-12T19:00:00,7.69,65.41,0.0,224.0,0.92,Connected
20012,2025-09-12T19:00:00,1.94,15.82,0.0,230.1,0.88,Connected
20013,2025-09-12T19:00:00,1.91,16.15,0.0,228.1,0.88,Connected
20014,2025-09-12T19:00:00,1.73,15.91,0.0,224.3,0.89,Connected
20015,2025-09-12T19:00:00,1.75,16.37,0.0,231.9,0.96,Connected
20016,2025-09-12T19:00:00,2.15,16.54,0.0,231.7,0.92,Connected
20017,2025-09-12T19:00:00,1.78,15.81,0.0,232.5,0.87,Connected
20018,2025-09-12T19:00:00,2.04,9.15,4.99,223.1,0.94,Connected
20019,2025-09-12T19:00:00,1.82,15.75,0.0,237.4,0.89,Connected
20020,2025-09-12T19:00:00,1.88,8.95,4.76,223.9,0.86,Connected
20021,2025-09-12T19:00:00,2.13,16.17,0.0,228.7,0.9,Connected
20022,2025-09-12T19:00:00,2.12,16.51,0.0,229.6,0.97,Connected
20023,2025-09-12T19:00:00,1.9,15.77,0.0,232.1,0.85,Connected
20024,2025-09-12T19:00:00,1.87,16.21,0.0,230.6,0.99,Connected
20025,2025-09-12T19:00:00,1.79,8.9,5.0,232.2,0.9,Connected
20026,2025-09-12T19:00:00,1.81,15.77,0.0,223.4,0.85,Connected
20027,2025-09-12T19:00:00,1.93,9.4,4.6,235.9,0.94,Connected
20028,2025-09-12T19:00:00,2.03,16.48,0.0,228.2,0.99,Connected
30029,2025-09-12T19:00:00,4.03,17.54,16.28,230.9,0.99,Connected
30030,2025-09-12T19:00:00,4.09,32.69,0.0,230.6,0.99,Connected
30031,2025-09-12T19:00:00,3.82,33.22,0.0,226.8,1.0,Connected
30032,2025-09-12T19:00:00,4.23,32.63,0.0,225.9,0.92,Connected
30033,2025-09-12T19:00:00,4.07,32.44,0.0,232.9,0.96,Connected
30034,2025-09-12T19:00:00,3.47,32.77,0.0,226.4,0.96,Connected
30035,2025-09-12T19:00:00,3.86,16.96,16.29,224.9,0.85,Connected
30036,2025-09-12T19:00:00,3.97,32.39,0.0,230.1,0.9,Connected
30037,2025-09-12T19:00:00,4.13,32.68,0.0,234.8,0.98,Connected
30038,2025-09-12T19:00:00,3.98,32.16,0.0,225.9,0.87,Connected
30039,2025-09-12T19:00:00,4.24,32.02,0.0,229.0,1.0,Connected
30040,2025-09-12T19:00:00,3.45,31.2,0.0,228.4,0.9,Connected
30041,2025-09-12T19:00:00,4.29,17.87,16.67,228.4,0.85,Connected
30042,2025-09-12T19:00:00,4.04,32.32,0.0,229.4,0.9,Connected
40043,2025-09-12T19:00:00,1.73,15.96,0.0,228.1,0.88,Connected
40044,2025-09-12T19:00:00,1.71,8.65,4.83,229.8,0.88,Connected
40045,2025-09-12T19:00:00,1.85,9.31,4.82,232.0,0.9,Connected
40046,2025-09-12T19:00:00,1.72,9.14,5.01,228.9,0.89,Connected
40047,2025-09-12T19:00:00,2.04,15.54,0.0,230.8,0.87,Connected
40048,2025-09-12T19:00:00,1.69,8.76,4.88,226.1,0.96,Connected
40049,2025-09-12T19:00:00,1.73,8.98,5.06,221.4,0.87,Connected
40050,2025-09-12T19:00:00,1.66,16.18,0.0,230.5,0.98,Connected
40051,2025-09-12T19:00:00,1.85,9.39,4.82,224.0,0.9,Connected
40052,2025-09-12T19:00:00,1.89,15.93,0.0,229.0,0.98,Connected
40053,2025-09-12T19:00:00,1.77,15.81,0.0,226.4,0.91,Connected
40054,2025-09-12T19:00:00,2.14,16.14,0.0,233.4,0.91,Connected
40055,2025-09-12T19:00:00,1.67,8.65,4.82,231.0,0.95,Connected
40056,2025-09-12T19:00:00,1.77,15.26,0.0,229.5,1.0,Connected
40057,2025-09-12T19:00:00,2.13,16.47,0.0,231.3,0.95,Connected
40058,2025-09-12T19:00:00,1.95,16.22,0.0,226.4,0.93,Connected
40059,2025-09-12T19:00:00,1.72,9.2,4.67,228.9,0.94,Connected
10000,2025-09-12T20:00:00,7.8,71.64,0.0,234.0,0.88,Connected
10001,2025-09-12T20:00:00,6.13,69.84,0.0,227.4,0.98,Connected
10002,2025-09-12T20:00:00,6.57,67.8,0.0,226.7,0.92,Connected
10003,2025-09-12T20:00:00,7.17,70.96,0.0,236.6,0.91,Connected
10004,2025-09-12T20:00:00,7.55,71.6,0.0,230.6,0.93,Connected
10005,2025-09-12T20:00:00,6.48,71.42,0.0,232.2,0.92,Connected
10006,2025-09-12T20:00:00,7.01,40.01,30.47,224.0,0.99,Connected
10007,2025-09-12T20:00:00,5.85,70.08,0.0,232.7,0.97,Connected
10008,2025-09-12T20:00:00,7.26,40.42,30.02,229.3,0.88,Connected
10009,2025-09-12T20:00:00,7.43,70.58,0.0,224.9,0.89,Connected
10010,2025-09-12T20:00:00,6.19,41.87,28.56,230.5,0.87,Connected
10011,2025-09-12T20:00:00,7.07,72.47,0.0,234.9,0.94,Connected
20012,2025-09-12T20:00:00,1.48,17.31,0.0,229.3,0.99,Connected
20013,2025-09-12T20:00:00,1.55,17.7,0.0,231.6,0.92,Connected
20014,2025-09-12T20:00:00,1.79,17.7,0.0,225.7,0.88,Connected
20015,2025-09-12T20:00:00,1.55,17.93,0.0,230.5,0.93,Connected
20016,2025-09-12T20:00:00,1.93,18.47,0.0,229.9,0.95,Connected
20017,2025-09-12T20:00:00,1.86,17.66,0.0,230.5,0.92,Connected
20018,2025-09-12T20:00:00,1.82,10.97,4.99,235.7,0.89,Connected
20019,2025-09-12T20:00:00,1.58,17.33,0.0,227.5,0.94,Connected
20020,2025-09-12T20:00:00,1.71,10.65,4.76,228.5,0.94,Connected
20021,2025-09-12T20:00:00,1.65,17.82,0.0,231.6,0.87,Connected
20022,2025-09-12T20:00:00,1.79,18.31,0.0,223.7,0.99,Connected
20023,2025-09-12T20:00:00,1.78,17.55,0.0,228.0,0.99,Connected
20024,2025-09-12T20:00:00,1.74,17.95,0.0,230.8,0.9,Connected
20025,2025-09-12T20:00:00,1.61,10.51,5.0,233.0,0.88,Connected
20026,2025-09-12T20:00:00,1.76,17.52,0.0,224.2,0.96,Connected
20027,2025-09-12T20:00:00,1.94,11.34,4.6,232.5,0.87,Connected
20028,2025-09-12T20:00:00,1.95,18.43,0.0,231.7,0.85,Connected
30029,2025-09-12T20:00:00,3.92,21.47,16.28,230.9,0.98,Connected
30030,2025-09-12T20:00:00,2.94,35.64,0.0,235.5,0.9,Connected
30031,2025-09-12T20:00:00,3.31,36.53,0.0,234.4,0.91,Connected
30032,2025-09-12T20:00:00,3.91,36.54,0.0,233.4,0.96,Connected
30033,2025-09-12T20:00:00,3.59,36.03,0.0,231.4,0.89,Connected
30034,2025-09-12T20:00:00,3.18,35.95,0.0,223.1,0.94,Connected
30035,2025-09-12T20:00:00,3.34,20.3,16.29,227.3,0.96,Connected
30036,2025-09-12T20:00:00,3.43,35.83,0.0,227.3,0.89,Connected
30037,2025-09-12T20:00:00,3.02,35.7,0.0,226.6,0.91,Connected
30038,2025-09-12T20:00:00,3.53,35.7,0.0,228.2,0.91,Connected
30039,2025-09-12T20:00:00,3.65,35.66,0.0,231.5,0.94,Connected
30040,2025-09-12T20:00:00,3.32,34.52,0.0,229.0,0.99,Connected
30041,2025-09-12T20:00:00,3.83,21.7,16.67,234.8,0.97,Connected
30042,2025-09-12T20:00:00,3.6,35.93,0.0,230.1,0.97,Connected
40043,2025-09-12T20:00:00,1.57,17.53,0.0,235.3,0.91,Connected
40044,2025-09-12T20:00:00,1.9,10.54,4.83,228.7,0.93,Connected
40045,2025-09-12T20:00:00,1.71,11.01,4.82,225.7,0.88,Connected
40046,2025-09-12T20:00:00,1.87,11.01,5.01,225.5,0.88,Connected
40047,2025-09-12T20:00:00,1.5,17.04,0.0,230.1,0.95,Connected
40048,2025-09-12T20:00:00,1.61,10.37,4.88,231.3,0.89,Connected
40049,2025-09-12T20:00:00,1.6,10.58,5.06,233.5,0.89,Connected
40050,2025-09-12T20:00:00,1.92,18.1,0.0,229.6,0.87,Connected
40051,2025-09-12T20:00:00,1.82,11.21,4.82,228.3,0.95,Connected
40052,2025-09-12T20:00:00,1.62,17.55,0.0,230.7,0.96,Connected
40053,2025-09-12T20:00:00,1.81,17.62,0.0,229.1,0.9,Connected
40054,2025-09-12T20:00:00,1.95,18.08,0.0,225.4,0.94,Connected
40055,2025-09-12T20:00:00,1.97,10.63,4.82,228.3,0.95,Connected
40056,2025-09-12T20:00:00,1.53,16.79,0.0,226.3,0.95,Connected
40057,2025-09-12T20:00:00,1.6,18.07,0.0,230.3,0.88,Connected
40058,2025-09-12T20:00:00,1.77,17.98,0.0,230.3,0.92,Connected
40059,2025-09-12T20:00:00,1.56,10.76,4.67,227.7,0.9,Connected
10000,2025-09-12T21:00:00,6.13,77.77,0.0,233.3,0.86,Connected
10001,2025-09-12T21:00:00,4.76,74.59,0.0,232.6,0.98,Connected
10002,2025-09-12T21:00:00,5.17,72.97,0.0,234.0,0.86,Connected
10003,2025-09-12T21:00:00,5.45,76.41,0.0,232.8,0.89,Connected
10004,2025-09-12T21:00:00,5.74,77.34,0.0,237.1,0.98,Connected
10005,2025-09-12T21:00:00,6.09,77.5,0.0,233.1,0.9,Connected
10006,2025-09-12T21:00:00,5.29,45.3,30.47,234.6,0.87,Connected
10007,2025-09-12T21:00:00,5.9,75.98,0.0,227.4,0.92,Connected
10008,2025-09-12T21:00:00,6.0,46.42,30.02,224.5,0.94,Connected
10009,2025-09-12T21:00:00,5.96,76.54,0.0,232.8,0.87,Connected
10010,2025-09-12T21:00:00,5.54,47.41,28.56,228.3,0.85,Connected
10011,2025-09-12T21:00:00,6.21,78.68,0.0,232.4,0.91,Connected
20012,2025-09-12T21:00:00,1.32,18.62,0.0,229.3,0.88,Connected
20013,2025-09-12T21:00:00,1.31,19.01,0.0,229.5,0.95,Connected
20014,2025-09-12T21:00:00,1.19,18.89,0.0,235.0,0.95,Connected
20015,2025-09-12T21:00:00,1.24,19.17,0.0,226.9,0.87,Connected
20016,2025-09-12T21:00:00,1.44,19.92,0.0,226.0,0.86,Connected
20017,2025-09-12T21:00:00,1.26,18.92,0.0,231.0,0.91,Connected
20018,2025-09-12T21:00:00,1.55,12.53,4.99,227.4,0.98,Connected
20019,2025-09-12T21:00:00,1.21,18.54,0.0,232.8,0.88,Connected
20020,2025-09-12T21:00:00,1.16,11.82,4.76,236.8,0.98,Connected
20021,2025-09-12T21:00:00,1.29,19.11,0.0,232.9,0.9,Connected
20022,2025-09-12T21:00:00,1.18,19.49,0.0,227.0,0.96,Connected
20023,2025-09-12T21:00:00,1.57,19.13,0.0,231.4,0.99,Connected
20024,2025-09-12T21:00:00,1.54,19.48,0.0,228.1,0.93,Connected
20025,2025-09-12T21:00:00,1.54,12.05,5.0,228.6,0.97,Connected
20026,2025-09-12T21:00:00,1.43,18.95,0.0,226.3,0.87,Connected
20027,2025-09-12T21:00:00,1.21,12.55,4.6,225.3,0.91,Connected
20028,2025-09-12T21:00:00,1.31,19.74,0.0,226.5,0.87,Connected
30029,2025-09-12T21:00:00,2.39,23.85,16.28,232.3,0.96,Connected
30030,2025-09-12T21:00:00,2.72,38.36,0.0,236.1,0.99,Connected
30031,2025-09-12T21:00:00,2.7,39.23,0.0,230.1,0.92,Connected
30032,2025-09-12T21:00:00,2.39,38.93,0.0,227.5,0.88,Connected
30033,2025-09-12T21:00:00,2.61,38.64,0.0,233.2,0.87,Connected
30034,2025-09-12T21:00:00,2.68,38.63,0.0,233.0,0.88,Connected
30035,2025-09-12T21:00:00,2.59,22.88,16.29,233.1,0.96,Connected
30036,2025-09-12T21:00:00,2.33,38.15,0.0,227.0,0.9,Connected
30037,2025-09-12T21:00:00,3.03,38.73,0.0,235.1,0.99,Connected
30038,2025-09-12T21:00:00,2.68,38.37,0.0,228.5,0.89,Connected
30039,2025-09-12T21:00:00,2.98,38.64,0.0,230.2,0.97,Connected
30040,2025-09-12T21:00:00,2.95,37.48,0.0,225.5,0.9,Connected
30041,2025-09-12T21:00:00,2.75,24.46,16.67,232.1,0.98,Connected
30042,2025-09-12T21:00:00,3.07,38.99,0.0,228.0,0.87,Connected
40043,2025-09-12T21:00:00,1.29,18.82,0.0,231.8,0.87,Connected
40044,2025-09-12T21:00:00,1.55,12.1,4.83,230.7,0.89,Connected
40045,2025-09-12T21:00:00,1.3,12.31,4.82,226.4,0.94,Connected
40046,2025-09-12T21:00:00,1.42,12.43,5.01,230.3,0.88,Connected
40047,2025-09-12T21:00:00,1.4,18.44,0.0,227.2,0.98,Connected
40048,2025-09-12T21:00:00,1.35,11.72,4.88,223.8,0.94,Connected
40049,2025-09-12T21:00:00,1.32,11.9,5.06,230.2,0.87,Connected
40050,2025-09-12T21:00:00,1.48,19.58,0.0,229.2,0.91,Connected
40051,2025-09-12T21:00:00,1.44,12.65,4.82,229.1,0.96,Connected
40052,2025-09-12T21:00:00,1.46,19.0,0.0,231.9,0.99,Connected
40053,2025-09-12T21:00:00,1.43,19.05,0.0,230.6,0.99,Connected
40054,2025-09-12T21:00:00,1.35,19.43,0.0,226.8,0.87,Connected
40055,2025-09-12T21:00:00,1.38,12.0,4.82,231.5,0.96,Connected
40056,2025-09-12T21:00:00,1.26,18.05,0.0,229.9,0.96,Connected
40057,2025-09-12T21:00:00,1.32,19.39,0.0,231.8,1.0,Connected
40058,2025-09-12T21:00:00,1.31,19.29,0.0,230.5,0.89,Connected
40059,2025-09-12T21:00:00,1.34,12.09,4.67,232.8,0.92,Connected
10000,2025-09-12T22:00:00,3.51,81.28,0.0,226.7,0.99,Connected
10001,2025-09-12T22:00:00,4.15,78.74,0.0,227.4,0.9,Connected
10002,2025-09-12T22:00:00,3.35,76.32,0.0,230.7,0.89,Connected
10003,2025-09-12T22:00:00,3.19,79.6,0.0,228.4,0.96,Connected
10004,2025-09-12T22:00:00,3.37,80.71,0.0,236.5,0.88,Connected
10005,2025-09-12T22:00:00,3.74,81.24,0.0,227.7,0.86,Connected
10006,2025-09-12T22:00:00,3.48,48.79,30.47,229.5,0.92,Connected
10007,2025-09-12T22:00:00,3.26,79.25,0.0,231.1,0.96,Connected
10008,2025-09-12T22:00:00,4.03,50.45,30.02,236.2,0.92,Connected
10009,2025-09-12T22:00:00,3.83,80.37,0.0,226.6,0.91,Connected
10010,2025-09-12T22:00:00,3.4,50.81,28.56,231.0,0.95,Connected
10011,2025-09-12T22:00:00,4.21,82.89,0.0,231.3,0.89,Connected
20012,2025-09-12T22:00:00,0.82,19.44,0.0,235.1,0.9,Connected
20013,2025-09-12T22:00:00,0.85,19.86,0.0,234.0,0.96,Connected
20014,2025-09-12T22:00:00,1.06,19.95,0.0,237.9,0.91,Connected
20015,2025-09-12T22:00:00,0.93,20.1,0.0,231.2,0.89,Connected
20016,2025-09-12T22:00:00,0.94,20.85,0.0,223.2,0.95,Connected
20017,2025-09-12T22:00:00,0.82,19.75,0.0,228.0,0.89,Connected
20018,2025-09-12T22:00:00,0.93,13.46,4.99,229.5,0.88,Connected
20019,2025-09-12T22:00:00,0.9,19.44,0.0,237.4,0.9,Connected
20020,2025-09-12T22:00:00,0.93,12.75,4.76,230.9,0.98,Connected
20021,2025-09-12T22:00:00,0.9,20.02,0.0,226.9,0.99,Connected
20022,2025-09-12T22:00:00,0.85,20.35,0.0,223.3,0.88,Connected
20023,2025-09-12T22:00:00,0.88,20.0,0.0,227.8,0.97,Connected
20024,2025-09-12T22:00:00,1.06,20.54,0.0,232.4,0.85,Connected
20025,2025-09-12T22:00:00,0.95,13.0,5.0,227.6,0.89,Connected
20026,2025-09-12T22:00:00,0.91,19.86,0.0,227.5,0.96,Connected
20027,2025-09-12T22:00:00,0.83,13.38,4.6,229.5,0.99,Connected
20028,2025-09-12T22:00:00,0.83,20.57,0.0,229.4,0.97,Connected
30029,2025-09-12T22:00:00,1.89,25.75,16.28,226.4,0.96,Connected
30030,2025-09-12T22:00:00,1.67,40.03,0.0,233.1,0.87,Connected
30031,2025-09-12T22:00:00,1.77,41.01,0.0,232.6,0.9,Connected
30032,2025-09-12T22:00:00,1.74,40.67,0.0,228.2,0.88,Connected
30033,2025-09-12T22:00:00,1.99,40.63,0.0,232.1,0.87,Connected
30034,2025-09-12T22:00:00,1.95,40.58,0.0,236.4,0.96,Connected
30035,2025-09-12T22:00:00,1.62,24.5,16.29,230.9,0.86,Connected
30036,2025-09-12T22:00:00,1.61,39.76,0.0,226.4,0.95,Connected
30037,2025-09-12T22:00:00,1.83,40.57,0.0,227.1,0.92,Connected
30038,2025-09-12T22:00:00,1.64,40.01,0.0,229.5,0.91,Connected
30039,2025-09-12T22:00:00,1.8,40.45,0.0,234.1,1.0,Connected
30040,2025-09-12T22:00:00,2.1,39.57,0.0,236.4,0.87,Connected
30041,2025-09-12T22:00:00,1.82,26.28,16.67,230.7,0.99,Connected
30042,2025-09-12T22:00:00,1.87,40.86,0.0,231.0,0.96,Connected
40043,2025-09-12T22:00:00,1.02,19.83,0.0,226.1,0.89,Connected
40044,2025-09-12T22:00:00,0.94,13.04,4.83,230.0,0.98,Connected
40045,2025-09-12T22:00:00,0.96,13.27,4.82,220.2,0.96,Connected
40046,2025-09-12T22:00:00,1.01,13.44,5.01,231.2,0.91,Connected
40047,2025-09-12T22:00:00,0.88,19.32,0.0,232.2,0.97,Connected
40048,2025-09-12T22:00:00,0.99,12.71,4.88,237.3,0.94,Connected
40049,2025-09-12T22:00:00,0.84,12.74,5.06,222.4,0.98,Connected
40050,2025-09-12T22:00:00,0.83,20.41,0.0,232.7,0.92,Connected
40051,2025-09-12T22:00:00,1.05,13.7,4.82,226.7,0.95,Connected
40052,2025-09-12T22:00:00,0.9,19.91,0.0,225.8,0.86,Connected
40053,2025-09-12T22:00:00,0.96,20.0,0.0,230.5,0.9,Connected
40054,2025-09-12T22:00:00,1.0,20.44,0.0,227.8,0.89,Connected
40055,2025-09-12T22:00:00,0.98,12.98,4.82,226.0,0.89,Connected
40056,2025-09-12T22:00:00,0.81,18.86,0.0,228.3,0.88,Connected
40057,2025-09-12T22:00:00,1.01,20.4,0.0,226.7,0.88,Connected
40058,2025-09-12T22:00:00,0.95,20.25,0.0,231.4,0.97,Connected
40059,2025-09-12T22:00:00,0.99,13.08,4.67,229.6,0.85,Connected
10000,2025-09-12T23:00:00,2.2,83.49,0.0,239.8,0.96,Connected
10001,2025-09-12T23:00:00,2.76,81.5,0.0,226.6,0.87,Connected
10002,2025-09-12T23:00:00,2.46,78.78,0.0,229.5,0.86,Connected
10003,2025-09-12T23:00:00,2.32,81.92,0.0,230.2,0.93,Connected
10004,2025-09-12T23:00:00,2.73,83.43,0.0,225.0,0.98,Connected
10005,2025-09-12T23:00:00,2.46,83.7,0.0,231.9,0.94,Connected
10006,2025-09-12T23:00:00,2.6,51.39,30.47,232.6,0.9,Connected
10007,2025-09-12T23:00:00,2.64,81.89,0.0,230.5,0.89,Connected
10008,2025-09-12T23:00:00,2.39,52.85,30.02,235.3,0.98,Connected
10009,2025-09-12T23:00:00,2.27,82.63,0.0,228.9,0.97,Connected
10010,2025-09-12T23:00:00,2.82,53.63,28.56,230.8,0.94,Connected
10011,2025-09-12T23:00:00,2.19,85.08,0.0,223.1,0.89,Connected
20012,2025-09-12T23:00:00,0.56,20.0,0.0,228.8,0.92,Connected
20013,2025-09-12T23:00:00,0.59,20.44,0.0,229.7,0.97,Connected
20014,2025-09-12T23:00:00,0.67,20.62,0.0,228.3,0.91,Connected
20015,2025-09-12T23:00:00,0.56,20.66,0.0,228.6,0.91,Connected
20016,2025-09-12T23:00:00,0.59,21.44,0.0,233.3,0.9,Connected
20017,2025-09-12T23:00:00,0.61,20.36,0.0,234.6,0.96,Connected
20018,2025-09-12T23:00:00,0.7,14.16,4.99,239.3,0.89,Connected
20019,2025-09-12T23:00:00,0.61,20.06,0.0,233.7,0.85,Connected
20020,2025-09-12T23:00:00,0.57,13.32,4.76,230.5,0.86,Connected
20021,2025-09-12T23:00:00,0.66,20.68,0.0,227.6,0.95,Connected
20022,2025-09-12T23:00:00,0.56,20.9,0.0,235.3,0.96,Connected
20023,2025-09-12T23:00:00,0.61,20.61,0.0,226.4,0.88,Connected
20024,2025-09-12T23:00:00,0.6,21.14,0.0,228.1,0.96,Connected
20025,2025-09-12T23:00:00,0.64,13.64,5.0,231.4,0.96,Connected
20026,2025-09-12T23:00:00,0.59,20.46,0.0,227.7,0.96,Connected
20027,2025-09-12T23:00:00,0.59,13.97,4.6,229.8,0.86,Connected
20028,2025-09-12T23:00:00,0.55,21.12,0.0,235.1,0.94,Connected
30029,2025-09-12T23:00:00,1.33,27.07,16.28,223.0,0.9,Connected
30030,2025-09-12T23:00:00,1.34,41.37,0.0,231.7,0.87,Connected
30031,2025-09-12T23:00:00,1.12,42.12,0.0,227.6,0.9,Connected
30032,2025-09-12T23:00:00,1.43,42.1,0.0,221.2,0.97,Connected
30033,2025-09-12T23:00:00,1.44,42.07,0.0,224.6,0.9,Connected
30034,2025-09-12T23:00:00,1.37,41.95,0.0,229.8,0.97,Connected
30035,2025-09-12T23:00:00,1.42,25.91,16.29,226.4,0.85,Connected
30036,2025-09-12T23:00:00,1.44,41.2,0.0,230.7,0.89,Connected
30037,2025-09-12T23:00:00,1.42,41.99,0.0,236.7,0.97,Connected
30038,2025-09-12T23:00:00,1.17,41.19,0.0,227.5,0.91,Connected
30039,2025-09-12T23:00:00,1.45,41.9,0.0,229.2,0.87,Connected
30040,2025-09-12T23:00:00,1.4,40.97,0.0,229.6,0.99,Connected
30041,2025-09-12T23:00:00,1.13,27.41,16.67,229.8,0.98,Connected
30042,2025-09-12T23:00:00,1.14,42.0,0.0,222.6,1.0,Connected
40043,2025-09-12T23:00:00,0.71,20.54,0.0,226.1,0.99,Connected
40044,2025-09-12T23:00:00,0.69,13.73,4.83,234.0,0.94,Connected
40045,2025-09-12T23:00:00,0.7,13.97,4.82,224.9,0.99,Connected
40046,2025-09-12T23:00:00,0.72,14.16,5.01,231.3,0.92,Connected
40047,2025-09-12T23:00:00,0.6,19.92,0.0,232.9,0.98,Connected
40048,2025-09-12T23:00:00,0.64,13.35,4.88,228.3,0.93,Connected
40049,2025-09-12T23:00:00,0.61,13.35,5.06,229.8,0.95,Connected
40050,2025-09-12T23:00:00,0.64,21.05,0.0,225.0,0.88,Connected
40051,2025-09-12T23:00:00,0.59,14.3,4.82,232.3,0.86,Connected
40052,2025-09-12T23:00:00,0.71,20.62,0.0,230.0,0.87,Connected
40053,2025-09-12T23:00:00,0.6,20.61,0.0,226.4,0.94,Connected
40054,2025-09-12T23:00:00,0.62,21.06,0.0,227.0,0.98,Connected
40055,2025-09-12T23:00:00,0.61,13.59,4.82,235.8,0.99,Connected
40056,2025-09-12T23:00:00,0.74,19.6,0.0,229.8,0.88,Connected
40057,2025-09-12T23:00:00,0.73,21.13,0.0,228.8,0.86,Connected
40058,2025-09-12T23:00:00,0.72,20.96,0.0,226.0,0.98,Connected
40059,2025-09-12T23:00:00,0.57,13.65,4.67,223.0,0.98,Connected
